chr	start	end	tier	type	size	qual	gene	gene_type	impact	gene_list	pLI	svid	freq	ac	large	nb.pc.genes	gene.dist	gene.near	cds.dist	sel.gene.dist	sel.gene.near	simp.rep	dgv	clinsv	ctcf	cres	cons	cov
1	144502180	144949143	1	INV	446963	15	AL592284.1	protein_coding	coding	NA	0.31339	2263_amb	0	1	TRUE	3	0	PDE4DIP	0	449106	HJV	TRUE	loss+gain	FALSE	TRUE	TRUE	TRUE	1.37 (4)
17	43691185	44354377	1	DEL	663192	12	CRHR1	protein_coding	coding	custom	3.7856e-05	42515_amb	0	1	TRUE	7	0	ARL17B	0	0	KANSL1	TRUE	loss+gain	TRUE	TRUE	TRUE	TRUE	1.27 (5)
1	240371089	240371121	1	DEL	32	21	FMN2	protein_coding	coding	NA	0.99772	3846_amb	0	1	FALSE	1	0	FMN2	0	1289781	FH	TRUE	loss+gain	FALSE	FALSE	FALSE	TRUE	NA
1	240371463	240371497	1	DEL	34	17	FMN2	protein_coding	coding	NA	0.99772	3848_amb	0	2	FALSE	1	0	FMN2	0	1289405	FH	TRUE	loss+gain	FALSE	FALSE	FALSE	TRUE	NA
9	35906583	35906583	1	INS	51	16	HRCT1	protein_coding	coding	custom	NA	26122_amb	0	1	FALSE	1	0	HRCT1	0	0	HRCT1	TRUE	loss+gain	FALSE	FALSE	TRUE	FALSE	NA
17	43691185	44354377	1	DEL	663192	12	KANSL1	protein_coding	coding	neoepi	0.99972	42515_amb	0	1	TRUE	7	0	ARL17B	0	0	KANSL1	TRUE	loss+gain	TRUE	TRUE	TRUE	TRUE	1.27 (5)
17	43691185	44354377	1	DEL	663192	12	LINC02210-CRHR1	protein_coding	coding	NA	NA	42515_amb	0	1	TRUE	7	0	ARL17B	0	0	KANSL1	TRUE	loss+gain	TRUE	TRUE	TRUE	TRUE	1.27 (5)
17	43691185	44354377	1	DEL	663192	12	MAPT	protein_coding	coding	NA	0.0060258	42515_amb	0	1	TRUE	7	0	ARL17B	0	0	KANSL1	TRUE	loss+gain	TRUE	TRUE	TRUE	TRUE	1.27 (5)
6	30954960	30955053	1	INS	85	14	MUC21	protein_coding	coding	NA	0.080201	17714_amb	0	2	FALSE	1	0	MUC21	0	870382	NEU1	TRUE	loss+gain	FALSE	FALSE	FALSE	FALSE	NA
1	144502180	144949143	1	INV	446963	15	NBPF9	protein_coding	coding	NA	9.5156e-39	2263_amb	0	1	TRUE	3	0	PDE4DIP	0	449106	HJV	TRUE	loss+gain	FALSE	TRUE	TRUE	TRUE	1.37 (4)
1	248572014	248796344	1	INV	224330	17	OR2G6	protein_coding	coding	NA	0.00049951	4075_amb	0	1	TRUE	8	0	OR2T11	0	3544151	HNRNPU	TRUE	loss+gain	FALSE	TRUE	TRUE	TRUE	1.46 (2)
1	248572014	248796344	1	INV	224330	17	OR2T10	protein_coding	coding	NA	0.00065559	4075_amb	0	1	TRUE	8	0	OR2T11	0	3544151	HNRNPU	TRUE	loss+gain	FALSE	TRUE	TRUE	TRUE	1.46 (2)
1	248572014	248796344	1	INV	224330	17	OR2T11	protein_coding	coding	NA	5.2633e-07	4075_amb	0	1	TRUE	8	0	OR2T11	0	3544151	HNRNPU	TRUE	loss+gain	FALSE	TRUE	TRUE	TRUE	1.46 (2)
1	248572014	248796344	1	INV	224330	17	OR2T2	protein_coding	coding	NA	0.20478	4075_amb	0	1	TRUE	8	0	OR2T11	0	3544151	HNRNPU	TRUE	loss+gain	FALSE	TRUE	TRUE	TRUE	1.46 (2)
1	248572014	248796344	1	INV	224330	17	OR2T29	protein_coding	coding	NA	0.099777	4075_amb	0	1	TRUE	8	0	OR2T11	0	3544151	HNRNPU	TRUE	loss+gain	FALSE	TRUE	TRUE	TRUE	1.46 (2)
1	248572014	248796344	1	INV	224330	17	OR2T3	protein_coding	coding	NA	NA	4075_amb	0	1	TRUE	8	0	OR2T11	0	3544151	HNRNPU	TRUE	loss+gain	FALSE	TRUE	TRUE	TRUE	1.46 (2)
1	248572014	248796344	1	INV	224330	17	OR2T34	protein_coding	coding	NA	NA	4075_amb	0	1	TRUE	8	0	OR2T11	0	3544151	HNRNPU	TRUE	loss+gain	FALSE	TRUE	TRUE	TRUE	1.46 (2)
1	248572014	248796344	1	INV	224330	17	OR2T5	protein_coding	coding	NA	0.47281	4075_amb	0	1	TRUE	8	0	OR2T11	0	3544151	HNRNPU	TRUE	loss+gain	FALSE	TRUE	TRUE	TRUE	1.46 (2)
1	144502180	144949143	1	INV	446963	15	PDE4DIP	protein_coding	coding	NA	2.6099e-37	2263_amb	0	1	TRUE	3	0	PDE4DIP	0	449106	HJV	TRUE	loss+gain	FALSE	TRUE	TRUE	TRUE	1.37 (4)
17	43691185	44354377	1	DEL	663192	12	SPPL2C	protein_coding	coding	NA	0.00018192	42515_amb	0	1	TRUE	7	0	ARL17B	0	0	KANSL1	TRUE	loss+gain	TRUE	TRUE	TRUE	TRUE	1.27 (5)
17	43691185	44354377	1	DEL	663192	12	STH	protein_coding	coding	NA	NA	42515_amb	0	1	TRUE	7	0	ARL17B	0	0	KANSL1	TRUE	loss+gain	TRUE	TRUE	TRUE	TRUE	1.27 (5)
11	2428327	2428358	1	DEL	31	12	TRPM5	protein_coding	coding	NA	4.4415e-22	30389_amb	0	1	FALSE	1	0	TRPM5	0	9699	CD81	TRUE	loss+gain	FALSE	FALSE	FALSE	TRUE	NA
3	58275712	58275762	2	DEL	50	13	ABHD6	protein_coding	intronic	NA	2.2313e-05	8992	0	1	FALSE	1	0	ABHD6	3553	137594	PDHB	TRUE	loss+gain	FALSE	FALSE	FALSE	FALSE	NA
17	933083	933140	2	DEL	57	13	ABR	protein_coding	intronic	NA	0.62738	41708	0	2	FALSE	1	0	ABR	1697	1563363	PAFAH1B1	TRUE	loss+gain	FALSE	FALSE	TRUE	FALSE	NA
2	74557720	74558725	2	INS	1092	16	AC006030.1	protein_coding	intronic	NA	NA	5381	0	1	FALSE	2	0	SLC4A5	15569	129458	MOGS	TRUE	loss+gain	FALSE	FALSE	FALSE	TRUE	NA
14	77687397	77687523	2	INS	83	14	AC007375.2	protein_coding	intronic	NA	NA	37604	0	1	FALSE	2	0	TMEM63C	966	53775	POMT2	TRUE	loss+gain	FALSE	FALSE	FALSE	FALSE	NA
19	7450812	7450863	2	DEL	51	13	AC008878.3	protein_coding	intronic	NA	NA	44941	0	1	FALSE	1	0	AC008878.3	2543	136646	MCOLN1	TRUE	loss+gain	FALSE	FALSE	TRUE	FALSE	NA
16	87366240	87366287	2	INS	47	13	AC010531.1	protein_coding	intronic	NA	NA	41401	0	2	FALSE	2	0	FBXO31	1123	1343409	CYBA	TRUE	loss+gain	FALSE	FALSE	FALSE	FALSE	NA
4	187353816	187354040	2	INS	128	15	AC018709.1	protein_coding	intronic	NA	NA	13966	0	2	FALSE	1	0	AC018709.1	5563	142980	F11	TRUE	loss+gain	FALSE	FALSE	FALSE	TRUE	NA
4	187354685	187354882	2	INS	193	13	AC018709.1	protein_coding	intronic	NA	NA	13967	0	2	FALSE	1	0	AC018709.1	6432	143849	F11	TRUE	loss+gain	FALSE	FALSE	FALSE	TRUE	NA
4	187355943	187356159	2	INS	185	13	AC018709.1	protein_coding	intronic	NA	NA	13968	0	2	FALSE	1	0	AC018709.1	7690	145107	F11	TRUE	loss+gain	FALSE	FALSE	FALSE	FALSE	NA
7	2026144	2026234	2	INS	91	13	AC069288.1	protein_coding	intronic	NA	NA	20231	0	2	FALSE	2	0	AC069288.1	5967	551209	BRAT1	TRUE	loss+gain	FALSE	FALSE	TRUE	FALSE	NA
3	160099053	160099096	2	INS	43	16	AC079594.2	protein_coding	intronic	NA	NA	10327	0	1	FALSE	2	0	IFT80	194	1685682	GFM1	TRUE	none	FALSE	FALSE	FALSE	FALSE	NA
18	77833433	77833500	2	INS	32	19	AC090360.1	protein_coding	intronic	NA	NA	44620	0	2	FALSE	1	0	AC090360.1	3584	21411723	MALT1	TRUE	loss+gain	FALSE	FALSE	FALSE	FALSE	NA
2	170376785	170376831	2	DEL	46	15	AC093899.2	protein_coding	intronic	NA	NA	6819	0	1	FALSE	2	0	KLHL41	539	488950	ABCB11	TRUE	loss+gain	FALSE	FALSE	TRUE	FALSE	NA
7	116652751	116652810	2	INS	61	14	AC106873.8	protein_coding	intronic	NA	NA	22181	0	1	FALSE	2	0	AC106873.8	2245	274363	CFTR	TRUE	loss+gain	FALSE	FALSE	TRUE	FALSE	NA
1	145314226	145314280	2	INS	55	12	AC242842.3	protein_coding	intronic	NA	NA	2330	0	2	FALSE	2	0	AC242842.3	623	83969	HJV	TRUE	loss+gain	FALSE	FALSE	FALSE	FALSE	NA
15	58947892	58947954	2	DEL	62	17	ADAM10	protein_coding	intronic	NA	1	38874	0	1	FALSE	1	0	ADAM10	9341	7317093	CYP19A1	TRUE	loss+gain	FALSE	FALSE	FALSE	FALSE	NA
10	72487385	72487431	2	INS	47	17	ADAMTS14	protein_coding	intronic	NA	4.7565e-14	29025	0	1	FALSE	1	0	ADAMTS14	1618	154605	PCBD1	TRUE	loss+gain	FALSE	FALSE	FALSE	FALSE	NA
10	72447352	72447494	2	DEL	142	25	ADAMTS14	protein_coding	intronic	NA	4.7565e-14	29020	0	2	FALSE	1	0	ADAMTS14	12600	194542	PCBD1	TRUE	loss+gain	FALSE	FALSE	FALSE	FALSE	NA
7	976838	976920	2	DEL	82	18	ADAP1	protein_coding	intronic	NA	0.5333	20158	0	2	FALSE	2	0	COX19	1696	1600523	BRAT1	TRUE	loss+gain	FALSE	FALSE	FALSE	TRUE	NA
7	15446641	15446853	2	DEL	212	30	AGMO	protein_coding	intronic	NA	6.7791e-26	20504	0	2	FALSE	1	0	AGMO	11329	12363061	CARD11	TRUE	loss+gain	FALSE	FALSE	FALSE	TRUE	NA
1	6220380	6220415	2	DEL	35	22	AL031847.1	protein_coding	intronic	NA	NA	302	0	2	FALSE	2	0	AL031847.1	804	3491373	PIK3CD	TRUE	loss	FALSE	FALSE	FALSE	FALSE	NA
16	89467019	89467134	2	DEL	115	20	ANKRD11	protein_coding	intronic	NA	1	41521	0	2	FALSE	1	0	ANKRD11	17557	236489	ACSF3	TRUE	loss+gain	FALSE	FALSE	FALSE	FALSE	NA
11	22104702	22104741	2	DEL	39	18	ANO5	protein_coding	intronic	NA	2.8542e-22	30706	0	1	FALSE	1	0	ANO5	110297	4538738	USH1C	TRUE	loss+gain	FALSE	FALSE	FALSE	FALSE	NA
22	45196775	45196847	2	INS	53	12	ARHGAP8	protein_coding	intronic	NA	8.5171e-28	49173	0	2	FALSE	2	0	ARHGAP8	1109	1529924	TRMU	TRUE	loss+gain	FALSE	FALSE	FALSE	TRUE	NA
19	42418764	42418853	2	INS	60	11	ARHGEF1	protein_coding	intronic	NA	0.76754	45699	0	2	FALSE	2	0	ERFL	1692	33324	CD79A	TRUE	loss+gain	FALSE	FALSE	TRUE	FALSE	NA
8	1798018	1798059	2	INS	39	32	ARHGEF10	protein_coding	intronic	NA	6.7739e-30	23273	0	1	FALSE	1	0	ARHGEF10	6415	48140	CLN8	TRUE	loss+gain	FALSE	FALSE	FALSE	FALSE	NA
8	1845660	1845819	2	INS	89	17	ARHGEF10	protein_coding	intronic	NA	6.7739e-30	23278	0	2	FALSE	1	0	ARHGEF10	779	95782	CLN8	TRUE	loss+gain	FALSE	TRUE	TRUE	FALSE	NA
19	950268	950355	2	INS	85	16	ARID3A	protein_coding	intronic	NA	0.99065	44712	0	2	FALSE	1	0	ARID3A	9736	94020	ELANE	TRUE	loss+gain	FALSE	FALSE	FALSE	TRUE	NA
17	43691185	44354377	2	DEL	663192	12	ARL17B	protein_coding	UTR	NA	0.33578	42515_amb	0	1	TRUE	7	0	ARL17B	0	0	KANSL1	TRUE	loss+gain	TRUE	TRUE	TRUE	TRUE	1.27 (5)
17	80920411	80920585	2	INS	108	12	B3GNTL1	protein_coding	intronic	NA	4.0733e-28	43265	0	2	FALSE	1	0	B3GNTL1	1353	2725688	SGSH	TRUE	loss+gain	FALSE	FALSE	FALSE	FALSE	NA
21	30602114	30602148	2	DEL	34	14	BACH1	protein_coding	intronic	NA	0.57072	47928	0	2	FALSE	1	0	BACH1	54903	5216837	KCNE1	TRUE	loss+gain	FALSE	FALSE	FALSE	FALSE	NA
5	17146819	17146863	2	DEL	44	14	BASP1	protein_coding	intronic	NA	0.69168	14696	0	2	FALSE	1	0	BASP1	128462	3202166	DNAH5	TRUE	loss	FALSE	FALSE	FALSE	FALSE	NA
11	196545	196610	2	INS	32	40	BET1L	protein_coding	intronic	NA	0.0044178	30227	0	2	FALSE	2	0	BET1L	694	335631	HRAS	TRUE	loss+gain	FALSE	FALSE	TRUE	TRUE	NA
14	105702326	105702490	2	INS	97	19	BRF1	protein_coding	intronic	NA	0.00010409	38146	0	2	FALSE	1	0	BRF1	5111	2733511	TECPR2	TRUE	loss+gain	FALSE	FALSE	FALSE	FALSE	NA
10	23619939	23620678	2	DUP	739	12	C10orf67	protein_coding	intronic	NA	1.7976e-08	28237	0	1	FALSE	1	0	C10orf67	1312	136764	PTF1A	TRUE	loss+gain	FALSE	FALSE	TRUE	FALSE	NA
17	54887426	54887465	2	DEL	39	16	C17orf67	protein_coding	intronic	NA	6.5469e-06	42693	0	2	FALSE	1	0	C17orf67	4764	1395336	MKS1	TRUE	loss	FALSE	FALSE	FALSE	FALSE	NA
21	47722668	47722743	2	DEL	75	26	C21orf58	protein_coding	intronic	NA	1.2579e-12	48451	0	2	FALSE	1	0	C21orf58	177	21311	PCNT	TRUE	loss+gain	FALSE	FALSE	FALSE	FALSE	NA
7	1106524	1106574	2	DEL	50	25	C7orf50	protein_coding	intronic	NA	3.4242e-06	20167	0	2	FALSE	1	0	C7orf50	8373	1470869	BRAT1	TRUE	loss+gain	FALSE	FALSE	FALSE	FALSE	NA
7	1078655	1078834	2	DEL	179	23	C7orf50	protein_coding	intronic	NA	3.4242e-06	20166	0	1	FALSE	1	0	C7orf50	10679	1498609	BRAT1	TRUE	loss+gain	FALSE	FALSE	FALSE	FALSE	NA
4	71202552	71202774	2	INS	209	15	CABS1	protein_coding	UTR	centoicu	0.0076333	12285	0	2	FALSE	1	0	CABS1	610	0	CABS1	FALSE	loss+gain	FALSE	FALSE	TRUE	TRUE	NA
10	12665121	12665259	2	INS	132	14	CAMK1D	protein_coding	intronic	NA	0.9962	28057	0	1	FALSE	1	0	CAMK1D	43475	2274098	DCLRE1C	TRUE	loss+gain	FALSE	FALSE	FALSE	FALSE	NA
7	44266866	44267082	2	DEL	216	33	CAMK2B	protein_coding	intronic	NA	0.73914	20934	0	2	FALSE	1	0	CAMK2B	622	29096	GCK	TRUE	loss+gain	FALSE	FALSE	FALSE	FALSE	NA
14	92233023	92233054	2	INS	31	12	CATSPERB	protein_coding	intronic	NA	6.8843e-18	37847	0	2	FALSE	1	0	CATSPERB	16392	348834	CCDC88C	FALSE	gain	FALSE	FALSE	FALSE	FALSE	NA
16	88999712	88999769	2	DEL	57	15	CBFA2T3	protein_coding	intronic	NA	0.048373	41488	0	2	FALSE	1	0	CBFA2T3	31647	76333	GALNS	TRUE	loss+gain	FALSE	FALSE	FALSE	TRUE	NA
1	167404146	167404244	2	DEL	98	11	CD247	protein_coding	intronic	centoicu	0.016734	2793	0	1	FALSE	1	0	CD247	391	0	CD247	TRUE	loss+gain	FALSE	FALSE	FALSE	FALSE	NA
22	17911233	17911318	2	INS	120	19	CECR2	protein_coding	intronic	NA	1	48550	0	2	FALSE	1	0	CECR2	44823	649367	PEX26	TRUE	loss+gain	FALSE	FALSE	TRUE	FALSE	NA
13	114942403	114942457	2	DEL	54	21	CFAP97D2	protein_coding	intronic	NA	NA	36677	0	1	FALSE	1	0	CFAP97D2	2348	1138559	F10	TRUE	loss+gain	FALSE	FALSE	FALSE	FALSE	NA
1	6220380	6220415	2	DEL	35	22	CHD5	protein_coding	intronic	NA	1	302	0	2	FALSE	2	0	AL031847.1	804	3491373	PIK3CD	TRUE	loss	FALSE	FALSE	FALSE	FALSE	NA
12	133433613	133433648	2	DEL	35	11	CHFR	protein_coding	intronic	NA	0.00078671	34939	0	1	FALSE	1	0	CHFR	342	1003171	PUS1	TRUE	loss+gain	FALSE	FALSE	FALSE	FALSE	NA
12	133450236	133450328	2	DEL	92	23	CHFR	protein_coding	intronic	NA	0.00078671	34941	0	1	FALSE	1	0	CHFR	1255	1019794	PUS1	TRUE	loss+gain	FALSE	FALSE	FALSE	FALSE	NA
19	34244376	34244491	2	INS	113	15	CHST8	protein_coding	intronic	NA	0.00010793	45519	0	2	FALSE	1	0	CHST8	17826	231678	PEPD	TRUE	loss+gain	FALSE	FALSE	FALSE	FALSE	NA
14	95759711	95759842	2	INS	214	13	CLMN	protein_coding	intronic	NA	1.5344e-08	37910	0	2	FALSE	1	0	CLMN	26205	902680	SERPINA1	TRUE	loss+gain	FALSE	FALSE	TRUE	FALSE	NA
19	1034718	1034822	2	DEL	104	38	CNN2	protein_coding	intronic	NA	0.024399	44716	0	2	FALSE	1	0	CNN2	1243	178470	ELANE	TRUE	loss+gain	FALSE	FALSE	FALSE	TRUE	NA
7	106929352	106929390	2	DEL	38	24	COG5	protein_coding	intronic	NA	9.7667e-20	22065	0	2	FALSE	1	0	COG5	5174	371882	SLC26A4	TRUE	loss+gain	FALSE	FALSE	FALSE	FALSE	NA
6	70630866	70631354	2	INS	110	26	COL19A1	protein_coding	intronic	NA	4.8406e-33	18399	0	2	FALSE	1	0	COL19A1	6446	53737	LMBRD1	TRUE	loss+gain	FALSE	FALSE	FALSE	TRUE	NA
20	61935707	61935925	2	INS	237	12	COL20A1	protein_coding	intronic	NA	1.3806e-40	47357	0	2	FALSE	1	0	COL20A1	843	38649	CHRNA4	TRUE	loss+gain	FALSE	FALSE	FALSE	FALSE	NA
2	228067793	228068060	2	DEL	267	12	COL4A3	protein_coding	intronic	exp-screen-sema4	1.0699e-12	7621	0	2	FALSE	1	0	COL4A3	34623	0	COL4A3	TRUE	loss+gain	FALSE	FALSE	FALSE	FALSE	NA
7	976838	976920	2	DEL	82	18	COX19	protein_coding	intronic	NA	0.0043158	20158	0	2	FALSE	2	0	COX19	1696	1600523	BRAT1	TRUE	loss+gain	FALSE	FALSE	FALSE	TRUE	NA
8	98132619	98132742	2	INS	143	17	CPQ	protein_coding	intronic	NA	1.3154e-14	24753	0	1	FALSE	1	0	CPQ	22505	1892751	VPS13B	TRUE	loss	FALSE	FALSE	TRUE	TRUE	NA
X	1317056	1317202	2	DEL	146	17	CRLF2	protein_coding	intronic	NA	3.3104e-07	49620	0	2	FALSE	1	0	CRLF2	216	5748075	STS	TRUE	loss+gain	FALSE	FALSE	FALSE	FALSE	NA
2	241919607	241919653	2	DEL	46	15	CROCC2	protein_coding	intronic	NA	NA	7981	0	2	FALSE	1	0	CROCC2	2643	99687	AGXT	TRUE	loss+gain	FALSE	FALSE	FALSE	FALSE	NA
8	19524312	19524362	2	DEL	50	14	CSGALNACT1	protein_coding	intronic	NA	9.2684e-14	23687	0	2	FALSE	1	0	CSGALNACT1	150686	234865	LPL	TRUE	loss+gain	FALSE	FALSE	FALSE	FALSE	NA
8	3207608	3207758	2	DEL	150	27	CSMD1	protein_coding	intronic	NA	1	23332	0.000211	2	FALSE	1	0	CSMD1	1924	1457730	CLN8	TRUE	loss+gain	FALSE	FALSE	FALSE	TRUE	NA
18	77512639	77512688	2	DEL	49	28	CTDP1	protein_coding	intronic	NA	0.00059966	44590	0	2	FALSE	1	0	CTDP1	963	21090929	MALT1	TRUE	loss+gain	FALSE	FALSE	FALSE	FALSE	NA
19	16044819	16044969	2	INS	147	23	CYP4F11	protein_coding	intronic	NA	1.4678e-21	45196	0	2	FALSE	1	0	CYP4F11	51	381690	CYP4F22	TRUE	loss+gain	FALSE	FALSE	TRUE	FALSE	NA
19	16043209	16043329	2	INS	83	17	CYP4F11	protein_coding	intronic	NA	1.4678e-21	45191	0	2	FALSE	1	0	CYP4F11	1691	380080	CYP4F22	TRUE	loss+gain	FALSE	FALSE	FALSE	TRUE	NA
19	16044172	16044353	2	INS	113	25	CYP4F11	protein_coding	intronic	NA	1.4678e-21	45193	0	2	FALSE	1	0	CYP4F11	667	381043	CYP4F22	TRUE	loss+gain	FALSE	FALSE	FALSE	TRUE	NA
19	16042903	16043397	2	INS	489	16	CYP4F11	protein_coding	intronic	NA	1.4678e-21	45190	0	2	FALSE	1	0	CYP4F11	1623	379774	CYP4F22	TRUE	loss+gain	FALSE	FALSE	FALSE	TRUE	NA
19	16044851	16044851	2	INS	376	12	CYP4F11	protein_coding	intronic	NA	1.4678e-21	45195_amb	0	2	FALSE	1	0	CYP4F11	169	381722	CYP4F22	TRUE	loss+gain	FALSE	FALSE	TRUE	FALSE	NA
19	15788125	15788254	2	DEL	129	16	CYP4F12	protein_coding	intronic	NA	1.474e-17	45173	0	2	FALSE	1	0	CYP4F12	816	124996	CYP4F22	TRUE	loss+gain	FALSE	FALSE	FALSE	FALSE	NA
20	30059154	30059203	2	DEL	49	16	DEFB124	protein_coding	intronic	NA	0.1133	46690	0	2	FALSE	1	0	DEFB124	1555	2808870	AHCY	TRUE	gain	FALSE	FALSE	FALSE	FALSE	NA
3	57630472	57630519	2	INS	32	12	DENND6A	protein_coding	intronic	NA	0.0017721	8980	0	1	FALSE	1	0	DENND6A	868	368837	HESX1	TRUE	loss+gain	FALSE	FALSE	FALSE	FALSE	NA
11	84213298	84213334	2	DEL	36	15	DLG2	protein_coding	intronic	NA	0.70796	31687	0	1	FALSE	1	0	DLG2	32278	6362598	ALG8	TRUE	loss	FALSE	FALSE	FALSE	FALSE	NA
8	832341	832442	2	DEL	101	14	DLGAP2	protein_coding	intronic	NA	0.99989	23156	0	1	FALSE	1	0	DLGAP2	25469	871501	CLN8	TRUE	loss+gain	FALSE	FALSE	FALSE	FALSE	NA
8	1576168	1576271	2	DEL	103	10	DLGAP2	protein_coding	intronic	NA	0.99989	23251	0	2	FALSE	1	0	DLGAP2	1114	127672	CLN8	TRUE	loss+gain	FALSE	FALSE	FALSE	FALSE	NA
10	101660312	101660656	2	INS	339	22	DNMBP	protein_coding	intronic	NA	5.7164e-17	29457	0	1	FALSE	1	0	DNMBP	488	47960	ABCC2	FALSE	loss+gain	FALSE	FALSE	FALSE	FALSE	NA
7	154451980	154452022	2	DEL	42	25	DPP6	protein_coding	intronic	NA	0.33997	22780	0	2	FALSE	1	0	DPP6	9047	1140651	SHH	TRUE	loss+gain	FALSE	FALSE	FALSE	FALSE	NA
21	42009148	42009198	2	DEL	50	16	DSCAM	protein_coding	intronic	NA	1	48150	0	2	FALSE	1	0	DSCAM	55537	2464102	CBS	TRUE	loss	FALSE	FALSE	FALSE	TRUE	NA
7	2417938	2417992	2	DEL	54	20	EIF3B	protein_coding	intronic	NA	1	20249	0.002539	2	FALSE	1	0	EIF3B	331	159451	BRAT1	TRUE	loss+gain	FALSE	FALSE	TRUE	FALSE	NA
12	1231108	1231404	2	DEL	296	14	ERC1	protein_coding	intronic	NA	1.0574e-07	32597	0	2	FALSE	1	0	ERC1	5908	210489	WNK1	TRUE	loss+gain	FALSE	FALSE	FALSE	FALSE	NA
19	42418764	42418853	2	INS	60	11	ERFL	protein_coding	intronic	NA	NA	45699	0	2	FALSE	2	0	ERFL	1692	33324	CD79A	TRUE	loss+gain	FALSE	FALSE	TRUE	FALSE	NA
6	537279	537359	2	INS	81	15	EXOC2	protein_coding	intronic	NA	2.8675e-09	17085	0	2	FALSE	1	0	EXOC2	4668	2616540	TUBB2A	TRUE	loss+gain	FALSE	FALSE	TRUE	FALSE	NA
13	113762790	113762852	2	INS	46	28	F7	protein_coding	intronic	centoicu	1.349e-05	36562	0	2	FALSE	1	0	F7	1565	0	F7	TRUE	loss+gain	FALSE	FALSE	FALSE	FALSE	NA
9	96277497	96277626	2	INS	126	21	FAM120A	protein_coding	intronic	NA	1	26778	0	1	FALSE	1	0	FAM120A	322	1087788	FBP1	FALSE	gain	FALSE	FALSE	FALSE	FALSE	NA
4	90018084	90018242	2	DEL	158	22	FAM13A	protein_coding	intronic	NA	1.8976e-18	12574	0	1	FALSE	1	0	FAM13A	15883	812162	PPM1K	TRUE	loss+gain	FALSE	FALSE	FALSE	FALSE	NA
1	179009823	179009872	2	DEL	49	16	FAM20B	protein_coding	intronic	NA	3.8916e-06	2935	0	1	FALSE	1	0	FAM20B	3110	509801	NPHS2	TRUE	none	FALSE	FALSE	FALSE	FALSE	NA
7	206536	206693	2	INS	165	19	FAM20C	protein_coding	intronic	NA	0.31465	20067	0.000193	2	FALSE	1	0	FAM20C	2204	2370750	BRAT1	TRUE	loss+gain	FALSE	FALSE	TRUE	FALSE	NA
7	207098	207237	2	DEL	139	11	FAM20C	protein_coding	intronic	NA	0.31465	20069	0	2	FALSE	1	0	FAM20C	1660	2370206	BRAT1	TRUE	loss+gain	FALSE	FALSE	FALSE	FALSE	NA
4	187580985	187581046	2	DEL	61	14	FAT1	protein_coding	intronic	NA	1.1969e-12	13979	0	1	FALSE	1	0	FAT1	3406	370149	F11	TRUE	loss+gain	FALSE	FALSE	FALSE	TRUE	NA
16	87366240	87366287	2	INS	47	13	FBXO31	protein_coding	intronic	NA	0.44439	41401	0	2	FALSE	2	0	FBXO31	1123	1343409	CYBA	TRUE	loss+gain	FALSE	FALSE	FALSE	FALSE	NA
2	97325102	97325248	2	DEL	146	17	FER1L5	protein_coding	intronic	NA	NA	5823	9.6e-05	1	FALSE	1	0	FER1L5	829	1004790	ZAP70	TRUE	loss+gain	FALSE	FALSE	FALSE	FALSE	NA
4	1020052	1020206	2	INS	190	23	FGFRL1	protein_coding	UTR	NA	0.011908	11048	0	2	FALSE	1	0	FGFRL1	919	21699	IDUA	TRUE	loss+gain	FALSE	FALSE	TRUE	TRUE	NA
14	89827064	89827106	2	DEL	42	11	FOXN3	protein_coding	intronic	NA	0.93167	37798	0	2	FALSE	1	0	FOXN3	9911	1035739	CALM1	TRUE	loss+gain	FALSE	FALSE	FALSE	FALSE	NA
14	89827968	89828102	2	DEL	134	17	FOXN3	protein_coding	intronic	NA	0.93167	37800	0	2	FALSE	1	0	FOXN3	10815	1034743	CALM1	TRUE	loss+gain	FALSE	FALSE	FALSE	FALSE	NA
10	14416845	14416909	2	INS	55	16	FRMD4A	protein_coding	intronic	NA	1	28094	0	2	FALSE	1	0	FRMD4A	44743	522448	DCLRE1C	TRUE	loss+gain	FALSE	FALSE	TRUE	FALSE	NA
12	132818168	132818254	2	INS	62	13	GALNT9	protein_coding	intronic	NA	0.0052407	34852	0	1	FALSE	1	0	GALNT9	6208	387726	PUS1	TRUE	loss+gain	FALSE	FALSE	FALSE	TRUE	NA
12	132880238	132880421	2	DEL	183	22	GALNT9	protein_coding	intronic	NA	0.0052407	34862	0	1	FALSE	1	0	GALNT9	17221	449796	PUS1	TRUE	loss+gain	FALSE	FALSE	FALSE	FALSE	NA
12	132696974	132697209	2	DEL	235	15	GALNT9	protein_coding	intronic	NA	0.0052407	34848	0	1	FALSE	1	0	GALNT9	8738	266532	PUS1	TRUE	loss+gain	FALSE	FALSE	FALSE	FALSE	NA
12	132820370	132820427	2	DEL	57	17	GALNT9	protein_coding	intronic	NA	0.0052407	34854	0	2	FALSE	1	0	GALNT9	4035	389928	PUS1	TRUE	loss+gain	FALSE	FALSE	FALSE	TRUE	NA
2	75939285	75939444	2	DEL	159	18	GCFC2	protein_coding	promoter	NA	2.5566e-24	5399	0	1	FALSE	1	1173	GCFC2	1303	1246747	MOGS	TRUE	loss+gain	FALSE	FALSE	FALSE	FALSE	NA
15	57980148	57980374	2	DEL	226	25	GCOM1	protein_coding	intronic	NA	2.3874e-19	38854	0	2	FALSE	1	0	GCOM1	3454	6349349	CYP19A1	TRUE	loss+gain	FALSE	FALSE	FALSE	TRUE	NA
7	929996	930118	2	INS	94	12	GET4	protein_coding	intronic	NA	0.56164	20147	0	2	FALSE	2	0	GET4	446	1647325	BRAT1	TRUE	loss+gain	FALSE	FALSE	FALSE	FALSE	NA
17	671183	671267	2	INS	50	16	GLOD4	protein_coding	intronic	NA	6.0698e-13	41680	0	2	FALSE	1	0	GLOD4	1841	1825236	PAFAH1B1	TRUE	loss+gain	FALSE	FALSE	FALSE	TRUE	NA
20	62239179	62239310	2	INS	113	12	GMEB2	protein_coding	intronic	NA	0.99495	47391	0	1	FALSE	1	0	GMEB2	2985	49852	RTEL1	TRUE	loss+gain	FALSE	FALSE	FALSE	FALSE	NA
20	62239206	62239486	2	DEL	280	15	GMEB2	protein_coding	intronic	NA	0.99495	47390	0	1	FALSE	1	0	GMEB2	3012	49676	RTEL1	TRUE	loss+gain	FALSE	FALSE	FALSE	FALSE	NA
12	133368163	133368495	2	DEL	332	13	GOLGA3	protein_coding	intronic	NA	0.0067951	34931	0	2	FALSE	1	0	GOLGA3	283	937721	PUS1	TRUE	loss+gain	FALSE	FALSE	FALSE	FALSE	NA
2	128406553	128406603	2	INS	46	12	GPR17	protein_coding	intronic	NA	8.4259e-05	6265	0	1	FALSE	2	0	GPR17	983	6656323	GLI2	TRUE	loss+gain	FALSE	FALSE	FALSE	FALSE	NA
4	94370040	94370088	2	INS	54	14	GRID2	protein_coding	intronic	NA	1	12623	0	1	FALSE	1	0	GRID2	6724	5164118	PPM1K	TRUE	loss+gain	FALSE	FALSE	FALSE	FALSE	NA
4	93478796	93478894	2	INS	95	15	GRID2	protein_coding	intronic	NA	1	12607	0.002463	1	FALSE	1	0	GRID2	32387	4272874	PPM1K	FALSE	loss+gain	FALSE	FALSE	FALSE	FALSE	NA
9	140039893	140039949	2	DEL	56	24	GRIN1	protein_coding	intronic	neoepi	0.97629	27564	9.7e-05	2	FALSE	1	0	GRIN1	228	0	GRIN1	TRUE	loss+gain	FALSE	FALSE	FALSE	FALSE	NA
16	85439914	85440037	2	INS	83	15	GSE1	protein_coding	intronic	NA	1	41323	0	2	FALSE	1	0	GSE1	48664	492730	IRF8	TRUE	loss+gain	FALSE	FALSE	FALSE	FALSE	NA
2	240106349	240106534	2	DEL	185	32	HDAC4	protein_coding	intronic	NA	1	7891	0	1	FALSE	1	0	HDAC4	4994	1701706	AGXT	TRUE	loss	FALSE	FALSE	FALSE	TRUE	NA
2	37201852	37201974	2	DEL	122	32	HEATR5B	protein_coding	intronic	NA	3.066e-22	4851	0	1	FALSE	1	0	HEATR5B	6107	2006715	SOS1	TRUE	loss+gain	FALSE	FALSE	FALSE	FALSE	NA
14	100140080	100140226	2	INS	149	21	HHIPL1	protein_coding	intronic	NA	2.3678e-06	37982	0	1	FALSE	1	0	HHIPL1	1201	2689051	TECPR2	TRUE	loss+gain	FALSE	FALSE	FALSE	FALSE	NA
7	75224567	75224631	2	INS	53	26	HIP1	protein_coding	intronic	NA	0.76173	21487	0	2	FALSE	1	0	HIP1	2734	452737	MDH2	TRUE	loss+gain	FALSE	FALSE	FALSE	FALSE	NA
7	26216412	26216527	2	DEL	115	29	HNRNPA2B1	protein_coding	intronic	NA	0.99732	20666	0	2	FALSE	2	0	HNRNPA2B1	1035	13958076	SUGCT	TRUE	loss+gain	FALSE	FALSE	FALSE	FALSE	NA
4	993641	993813	2	DEL	172	39	IDUA	protein_coding	intronic	exp-screen-sema4	3.7599e-13	11045	0	1	FALSE	1	0	IDUA	586	0	IDUA	TRUE	loss+gain	FALSE	FALSE	TRUE	FALSE	NA
11	326250	326317	2	DEL	67	21	IFITM3	protein_coding	intronic	NA	0.030466	30236	0	2	FALSE	1	0	IFITM3	5436	205924	HRAS	TRUE	loss+gain	FALSE	FALSE	TRUE	FALSE	NA
3	160099053	160099096	2	INS	43	16	IFT80	protein_coding	intronic	NA	1.4059e-19	10327	0	1	FALSE	2	0	IFT80	194	1685682	GFM1	TRUE	none	FALSE	FALSE	FALSE	FALSE	NA
22	17585100	17585291	2	INS	155	18	IL17RA	protein_coding	intronic	NA	0.00035636	48535	0	2	FALSE	1	0	IL17RA	324	975394	PEX26	TRUE	loss+gain	FALSE	FALSE	FALSE	TRUE	NA
10	134571651	134571887	2	DEL	236	14	INPP5A	protein_coding	intronic	NA	0.98121	30101	0	2	FALSE	1	0	INPP5A	7389	7059823	UROS	TRUE	loss+gain	FALSE	FALSE	FALSE	FALSE	NA
10	134387630	134387720	2	INS	31	20	INPP5A	protein_coding	intronic	NA	0.98121	30090	0	2	FALSE	1	0	INPP5A	33698	6875802	UROS	TRUE	loss+gain	FALSE	FALSE	FALSE	FALSE	NA
10	134518431	134518482	2	DEL	51	11	INPP5A	protein_coding	intronic	NA	0.98121	30095	0	1	FALSE	1	0	INPP5A	3334	7006603	UROS	TRUE	loss+gain	FALSE	FALSE	FALSE	FALSE	NA
2	118851595	118851650	2	INS	99	20	INSIG2	protein_coding	intronic	NA	0.059986	6118	0	1	FALSE	1	0	INSIG2	2482	2641548	GLI2	TRUE	loss+gain	FALSE	FALSE	FALSE	FALSE	NA
7	2617315	2617362	2	DEL	47	15	IQCE	protein_coding	intronic	NA	1.3752e-39	20260	0	2	FALSE	1	0	IQCE	513	21986	BRAT1	TRUE	loss	FALSE	FALSE	FALSE	FALSE	NA
10	7686873	7686916	2	DEL	43	19	ITIH5	protein_coding	intronic	NA	7.0952e-21	27943	0	2	FALSE	1	0	ITIH5	2819	400424	GATA3	TRUE	loss+gain	FALSE	FALSE	FALSE	FALSE	NA
10	7635462	7635494	2	DEL	32	19	ITIH5	protein_coding	intronic	NA	7.0952e-21	27939	0	1	FALSE	1	0	ITIH5	7025	451846	GATA3	TRUE	loss+gain	FALSE	FALSE	FALSE	TRUE	NA
18	77646881	77647079	2	INS	198	12	KCNG2	protein_coding	intronic	NA	0.60183	44606	0	2	FALSE	1	0	KCNG2	11960	21225171	MALT1	TRUE	loss+gain	FALSE	FALSE	FALSE	FALSE	NA
20	62041142	62041186	2	DEL	44	19	KCNQ2	protein_coding	intronic	centoicu; neoepi	0.99998	47371	0	1	FALSE	1	0	KCNQ2	127	0	KCNQ2	TRUE	loss+gain	FALSE	FALSE	FALSE	FALSE	NA
2	241730898	241730980	2	INS	73	17	KIF1A	protein_coding	intronic	NA	1	7962	0	1	FALSE	1	0	KIF1A	2168	77260	AGXT	TRUE	loss+gain	FALSE	FALSE	TRUE	FALSE	NA
1	245606159	245606216	2	DEL	57	23	KIF26B	protein_coding	intronic	NA	0.99999	3961	0	1	FALSE	1	0	KIF26B	23111	578296	HNRNPU	TRUE	loss+gain	FALSE	FALSE	FALSE	FALSE	NA
2	170376785	170376831	2	DEL	46	15	KLHL41	protein_coding	intronic	NA	0.00011107	6819	0	1	FALSE	2	0	KLHL41	539	488950	ABCB11	TRUE	loss+gain	FALSE	FALSE	TRUE	FALSE	NA
19	51464302	51464405	2	DEL	103	15	KLK6	protein_coding	intronic	NA	0.0060052	45929	0	2	FALSE	1	0	KLK6	594	384017	ETFB	TRUE	none	FALSE	FALSE	FALSE	FALSE	NA
13	113968838	113968932	2	DEL	94	25	LAMP1	protein_coding	intronic	NA	0.8747	36579	0	2	FALSE	1	0	LAMP1	3655	164994	F10	TRUE	loss+gain	FALSE	FALSE	FALSE	FALSE	NA
1	66078288	66078443	2	DEL	155	20	LEPR	protein_coding	intronic	NA	0.99475	1358	0	1	FALSE	1	0	LEPR	2308	2174063	ALG6	TRUE	loss+gain	FALSE	FALSE	FALSE	FALSE	NA
12	71958084	71958294	2	DEL	210	24	LGR5	protein_coding	intronic	NA	2.5019e-08	33687	0	2	FALSE	1	0	LGR5	1889	4779959	BBS10	TRUE	loss	FALSE	FALSE	FALSE	FALSE	NA
1	202173735	202173995	2	DUP/INS	134	10	LGR6	protein_coding	intronic	NA	2.9439e-06	3252	0	1	FALSE	1	0	LGR6	731	3447129	PTPRC	TRUE	loss+gain	FALSE	FALSE	FALSE	TRUE	NA
2	128406553	128406603	2	INS	46	12	LIMS2	protein_coding	intronic	NA	5.0526e-05	6265	0	1	FALSE	2	0	GPR17	983	6656323	GLI2	TRUE	loss+gain	FALSE	FALSE	FALSE	FALSE	NA
9	28561587	28561667	2	DEL	80	29	LINGO2	protein_coding	intronic	NA	0.85665	26021	0	1	FALSE	1	0	LINGO2	610917	4542412	B4GALT1	TRUE	loss+gain	FALSE	FALSE	FALSE	FALSE	NA
13	49001979	49002046	2	DEL	67	14	LPAR6	protein_coding	intronic	NA	0.0007129	35497	0	2	FALSE	2	0	LPAR6	15419	0	RB1	TRUE	loss+gain	FALSE	FALSE	FALSE	FALSE	NA
1	211985105	211985147	2	DEL	42	32	LPGAT1	protein_coding	intronic	NA	0.98041	3398	0	1	FALSE	1	0	LPGAT1	17253	2159334	LAMB3	TRUE	loss+gain	FALSE	FALSE	TRUE	FALSE	NA
13	47226052	47226238	2	DEL	186	17	LRCH1	protein_coding	intronic	NA	0.99552	35473	0	1	FALSE	1	0	LRCH1	1571	1093632	SUCLA2	TRUE	gain	FALSE	FALSE	FALSE	FALSE	NA
10	134165593	134165644	2	DEL	51	12	LRRC27	protein_coding	intronic	NA	1.0059e-17	30060	0	1	FALSE	1	0	LRRC27	335	6653765	UROS	TRUE	loss+gain	FALSE	FALSE	FALSE	TRUE	NA
2	160730601	160730731	2	INS	115	13	LY75	protein_coding	intronic	NA	7.4472e-46	6687	0	1	FALSE	2	0	LY75	1223	5213304	SCN3A	TRUE	loss+gain	FALSE	FALSE	FALSE	FALSE	NA
2	160730601	160730731	2	INS	115	13	LY75-CD302	protein_coding	intronic	NA	7.4472e-46	6687	0	1	FALSE	2	0	LY75	1223	5213304	SCN3A	TRUE	loss+gain	FALSE	FALSE	FALSE	FALSE	NA
7	2026144	2026234	2	INS	91	13	MAD1L1	protein_coding	intronic	NA	6.8444e-16	20231	0	2	FALSE	2	0	AC069288.1	5967	551209	BRAT1	TRUE	loss+gain	FALSE	FALSE	TRUE	FALSE	NA
X	19470398	19470478	2	DEL	80	18	MAP3K15	protein_coding	intronic	NA	2.9348e-32	49894	0	2	FALSE	1	0	MAP3K15	4552	90561	PDHA1	TRUE	loss+gain	FALSE	FALSE	FALSE	FALSE	NA
17	43981121	43981198	2	DEL	77	21	MAPT	protein_coding	intronic	NA	0.0060258	42526	0	2	FALSE	1	0	MAPT	56796	67926	CRHR1	TRUE	loss+gain	FALSE	FALSE	FALSE	FALSE	NA
18	74740694	74740742	2	DEL	48	14	MBP	protein_coding	intronic	NA	0.28446	44415	0	1	FALSE	1	0	MBP	11469	18318984	MALT1	TRUE	loss+gain	FALSE	FALSE	FALSE	FALSE	NA
3	70260573	70260661	2	DEL	88	25	MDFIC2	protein_coding	intronic	NA	NA	9177	0	2	FALSE	1	0	MDFIC2	4631	243085	MITF	TRUE	loss+gain	FALSE	FALSE	FALSE	FALSE	NA
17	60093299	60093339	2	DEL	40	15	MED13	protein_coding	intronic	NA	1	42770	0	1	FALSE	1	0	MED13	4704	1912760	CD79B	TRUE	gain	FALSE	FALSE	FALSE	FALSE	NA
22	18359556	18359679	2	INS	60	16	MICAL3	protein_coding	intronic	NA	0.99499	48566	0	2	FALSE	1	0	MICAL3	1235	201006	PEX26	TRUE	loss+gain	FALSE	FALSE	TRUE	FALSE	NA
22	50513633	50513709	2	INS	96	10	MLC1	protein_coding	intronic	exp-screen-sema4; neoepi	3.2425e-08	49407	0	1	FALSE	1	0	MLC1	871	0	MLC1	TRUE	gain	FALSE	FALSE	TRUE	FALSE	NA
16	83950690	83950731	2	DEL	41	14	MLYCD	protein_coding	UTR	centoicu	0.00064816	41293	0	2	FALSE	1	0	MLYCD	1598	0	MLYCD	TRUE	loss+gain	FALSE	FALSE	FALSE	FALSE	NA
1	76352032	76352093	2	INS	31	17	MSH4	protein_coding	intronic	NA	2.1195e-18	1491	0	2	FALSE	1	0	MSH4	2525	98771	ACADM	TRUE	loss+gain	FALSE	FALSE	FALSE	FALSE	NA
3	195491107	195491174	2	DEL	67	13	MUC4	protein_coding	intronic	NA	2.7904e-54	10877	0	1	FALSE	1	0	MUC4	71	11523770	ALG3	TRUE	loss+gain	FALSE	FALSE	FALSE	FALSE	NA
20	62764879	62764942	2	INS	31	22	MYT1	protein_coding	intronic	NA	0.97791	47447	0	2	FALSE	1	0	MYT1	26694	437272	RTEL1	TRUE	loss+gain	FALSE	FALSE	FALSE	FALSE	NA
2	1838756	1838812	2	INS	32	14	MYT1L	protein_coding	intronic	NA	1	4233	0	1	FALSE	1	0	MYT1L	2562	291272	TPO	TRUE	loss+gain	FALSE	FALSE	FALSE	TRUE	NA
1	145314226	145314280	2	INS	55	12	NBPF10	protein_coding	intronic	NA	4.1008e-85	2330	0	2	FALSE	2	0	AC242842.3	623	83969	HJV	TRUE	loss+gain	FALSE	FALSE	FALSE	FALSE	NA
2	240838645	240838685	2	DEL	40	15	NDUFA10	protein_coding	intronic	NA	6.2418e-08	7912	0	2	FALSE	1	0	NDUFA10	3913	969555	AGXT	TRUE	loss+gain	FALSE	FALSE	FALSE	FALSE	NA
7	26216412	26216527	2	DEL	115	29	NFE2L3	protein_coding	intronic	NA	7.1842e-11	20666	0	2	FALSE	2	0	HNRNPA2B1	1035	13958076	SUGCT	TRUE	loss+gain	FALSE	FALSE	FALSE	FALSE	NA
1	61491121	61491161	2	INS	39	13	NFIA	protein_coding	intronic	NA	0.99959	1285	0	1	FALSE	1	0	NFIA	51619	1428807	DOCK7	TRUE	gain	FALSE	FALSE	FALSE	FALSE	NA
9	14237779	14237815	2	DEL	36	12	NFIB	protein_coding	intronic	NA	0.99861	25835	0	1	FALSE	1	0	NFIB	57999	7592049	GLDC	TRUE	gain	FALSE	FALSE	FALSE	FALSE	NA
6	125008638	125008746	2	INS	53	13	NKAIN2	protein_coding	intronic	NA	0.023684	19107	0	1	FALSE	1	0	NKAIN2	29015	4195536	LAMA2	TRUE	gain	FALSE	FALSE	FALSE	FALSE	NA
18	21157331	21157485	2	INS	39	33	NPC1	protein_coding	intronic	exp-screen-sema4; centoicu; neoepi	6.5418e-06	43631	0	2	FALSE	1	0	NPC1	3792	0	NPC1	TRUE	loss+gain	FALSE	FALSE	FALSE	FALSE	NA
7	107804591	107804663	2	INS	72	22	NRCAM	protein_coding	intronic	NA	0.015254	22081	0	2	FALSE	1	0	NRCAM	2702	232415	DLD	TRUE	loss+gain	FALSE	FALSE	FALSE	FALSE	NA
11	131659376	131659433	2	INS	60	16	NTM	protein_coding	intronic	NA	0.057798	32430	0.002278	1	FALSE	1	0	NTM	121942	2464008	ACAD8	TRUE	loss+gain	FALSE	FALSE	FALSE	FALSE	NA
5	37296049	37296225	2	DEL	176	13	NUP155	protein_coding	intronic	NA	0.65349	15019	0	2	FALSE	1	0	NUP155	1481	229533	NIPBL	TRUE	loss+gain	FALSE	FALSE	FALSE	FALSE	NA
4	37332712	37332838	2	INS	85	14	NWD2	protein_coding	intronic	NA	NA	11711	0	2	FALSE	1	0	NWD2	5065	2127785	LIAS	TRUE	loss+gain	FALSE	FALSE	FALSE	TRUE	NA
5	68811274	68811356	2	DEL	82	14	OCLN	protein_coding	intronic	NA	8.5583e-07	15408	0	1	FALSE	1	0	OCLN	1337	1409500	SMN1	TRUE	loss+gain	FALSE	FALSE	FALSE	FALSE	NA
11	196545	196610	2	INS	32	40	ODF3	protein_coding	promoter	NA	0.14655	30227	0	2	FALSE	2	0	BET1L	694	335631	HRAS	TRUE	loss+gain	FALSE	FALSE	TRUE	TRUE	NA
12	76955187	76955230	2	DEL	43	19	OSBPL8	protein_coding	promoter	NA	0.010518	33740	0	2	FALSE	1	1597	OSBPL8	73855	212991	BBS10	TRUE	gain	FALSE	FALSE	FALSE	TRUE	NA
1	52171063	52171097	2	DEL	34	12	OSBPL9	protein_coding	intronic	NA	0.97558	1152	0	1	FALSE	1	0	OSBPL9	8577	1491366	CPT2	TRUE	gain	FALSE	FALSE	FALSE	FALSE	NA
12	80738796	80738832	2	DEL	36	13	OTOGL	protein_coding	intronic	NA	4.7009e-52	33802	0	1	FALSE	1	0	OTOGL	2853	3996600	BBS10	TRUE	loss+gain	FALSE	FALSE	FALSE	FALSE	NA
2	242055380	242055465	2	INS	64	14	PASK	protein_coding	intronic	NA	1.952e-21	7989	0	1	FALSE	1	0	PASK	551	235460	AGXT	TRUE	loss+gain	FALSE	FALSE	FALSE	FALSE	NA
21	47338511	47338569	2	DEL	58	23	PCBP3	protein_coding	intronic	NA	0.84326	48391	0	2	FALSE	1	0	PCBP3	967	405485	PCNT	TRUE	loss+gain	FALSE	FALSE	FALSE	FALSE	NA
7	82667388	82667439	2	INS	46	11	PCLO	protein_coding	intronic	NA	1	21630	0	1	FALSE	1	0	PCLO	71584	6970561	MDH2	TRUE	loss+gain	FALSE	FALSE	FALSE	FALSE	NA
15	101949548	101949717	2	INS	246	15	PCSK6	protein_coding	intronic	NA	5.3148e-13	39614	0	1	FALSE	1	0	PCSK6	10766	864347	CERS3	TRUE	loss+gain	FALSE	FALSE	FALSE	FALSE	NA
6	13231381	13231479	2	DEL	98	33	PHACTR1	protein_coding	intronic	NA	0.63537	17360	0	2	FALSE	1	0	PHACTR1	814	4889191	NHLRC1	TRUE	loss	FALSE	FALSE	FALSE	FALSE	NA
16	629598	629731	2	DEL	133	31	PIGQ	protein_coding	intronic	NA	1.3575e-06	39701	0	2	FALSE	1	0	PIGQ	417	402076	HBA1	TRUE	loss+gain	FALSE	FALSE	FALSE	FALSE	NA
X	197551	197625	2	DEL	74	14	PLCXD1	protein_coding	intronic	NA	4.3087e-10	49463	0	2	FALSE	1	0	PLCXD1	3229	6867652	STS	TRUE	loss+gain	FALSE	FALSE	FALSE	FALSE	NA
5	101982	102141	2	DEL	159	18	PLEKHG4B	protein_coding	intronic	NA	1.0827e-32	14205	0	2	FALSE	1	0	PLEKHG4B	9590	116214	SDHA	TRUE	loss+gain	FALSE	FALSE	FALSE	TRUE	NA
19	55608194	55608347	2	DEL	153	13	PPP1R12C	protein_coding	intronic	NA	0.086713	46054	0	1	FALSE	1	0	PPP1R12C	490	909799	TSEN34	TRUE	loss+gain	FALSE	FALSE	FALSE	FALSE	NA
10	133766345	133766443	2	INS	62	11	PPP2R2D	protein_coding	intronic	NA	0.91708	30036	0	2	FALSE	1	0	PPP2R2D	2744	6254517	UROS	TRUE	loss+gain	FALSE	FALSE	FALSE	TRUE	NA
X	303255	303332	2	DEL	77	13	PPP2R3B	protein_coding	intronic	NA	4.9344e-08	49474	0	2	FALSE	1	0	PPP2R3B	588	6761945	STS	TRUE	loss+gain	FALSE	FALSE	FALSE	FALSE	NA
22	50862878	50862914	2	DEL	36	12	PPP6R2	protein_coding	intronic	NA	0.16399	49422	0	1	FALSE	1	0	PPP6R2	834	99082	SCO2	TRUE	loss	FALSE	FALSE	FALSE	TRUE	NA
12	111002628	111002680	2	DEL	52	10	PPTC7	protein_coding	intronic	NA	0.93813	34260	0	2	FALSE	1	0	PPTC7	12854	966697	MVK	TRUE	none	FALSE	FALSE	FALSE	FALSE	NA
1	3344877	3344955	2	INS	134	17	PRDM16	protein_coding	intronic	NA	0.99999	202	0	1	FALSE	1	0	PRDM16	2087	999640	PEX10	TRUE	loss+gain	FALSE	FALSE	FALSE	FALSE	NA
14	94188665	94188738	2	INS	32	25	PRIMA1	protein_coding	intronic	NA	0.62894	37888	0	2	FALSE	1	0	PRIMA1	772	654345	SERPINA1	TRUE	loss+gain	FALSE	FALSE	FALSE	FALSE	NA
7	151517679	151517733	2	DEL	54	32	PRKAG2	protein_coding	intronic	centoicu	0.99692	22709	0	1	FALSE	1	0	PRKAG2	34051	0	PRKAG2	TRUE	loss+gain	FALSE	FALSE	FALSE	FALSE	NA
7	151300641	151300717	2	INS	90	13	PRKAG2	protein_coding	intronic	centoicu	0.99692	22706	0	1	FALSE	1	0	PRKAG2	2538	0	PRKAG2	TRUE	loss+gain	FALSE	FALSE	FALSE	FALSE	NA
7	151539306	151539356	2	DEL	50	17	PRKAG2	protein_coding	intronic	centoicu	0.99692	22711	0	2	FALSE	1	0	PRKAG2	34235	0	PRKAG2	TRUE	loss+gain	FALSE	FALSE	FALSE	FALSE	NA
17	64794738	64794852	2	DEL	114	17	PRKCA	protein_coding	intronic	NA	0.3677	42839	0	2	FALSE	1	0	PRKCA	5138	2785041	CD79B	TRUE	loss+gain	FALSE	FALSE	FALSE	FALSE	NA
22	45196775	45196847	2	INS	53	12	PRR5-ARHGAP8	protein_coding	intronic	NA	2.1367e-28	49173	0	2	FALSE	2	0	ARHGAP8	1109	1529924	TRMU	TRUE	loss+gain	FALSE	FALSE	FALSE	TRUE	NA
19	844363	844532	2	INS	163	13	PRTN3	protein_coding	intronic	NA	3.8044e-05	44698	0	2	FALSE	1	0	PRTN3	328	6481	ELANE	TRUE	loss	FALSE	FALSE	TRUE	FALSE	NA
7	157504683	157504734	2	DEL	51	16	PTPRN2	protein_coding	intronic	NA	5.392e-07	22913	0	1	FALSE	1	0	PTPRN2	29053	1899525	SHH	TRUE	loss+gain	FALSE	FALSE	FALSE	FALSE	NA
7	158278147	158278269	2	DEL	122	17	PTPRN2	protein_coding	intronic	NA	5.392e-07	23045	0	2	FALSE	1	0	PTPRN2	4157	2672989	SHH	TRUE	loss+gain	FALSE	FALSE	FALSE	FALSE	NA
7	157631096	157631205	2	DEL	109	17	PTPRN2	protein_coding	intronic	NA	5.392e-07	22929	0	2	FALSE	1	0	PTPRN2	60159	2025938	SHH	TRUE	loss+gain	FALSE	FALSE	FALSE	FALSE	NA
7	157851405	157851579	2	INS	34	23	PTPRN2	protein_coding	intronic	NA	5.392e-07	22955	0	1	FALSE	1	0	PTPRN2	22410	2246247	SHH	TRUE	loss+gain	FALSE	FALSE	FALSE	FALSE	NA
12	80802466	80802507	2	INS	42	13	PTPRQ	protein_coding	intronic	NA	4.2188e-21	33803	0	2	FALSE	1	0	PTPRQ	14019	4060270	BBS10	TRUE	loss	FALSE	FALSE	TRUE	FALSE	NA
12	133270405	133270454	2	DEL	49	21	PXMP2	protein_coding	intronic	NA	0.009178	34912	0	2	FALSE	1	0	PXMP2	2015	839963	PUS1	TRUE	loss+gain	FALSE	FALSE	FALSE	FALSE	NA
12	133270678	133271086	2	DEL	408	42	PXMP2	protein_coding	intronic	NA	0.009178	34913	0	2	FALSE	1	0	PXMP2	1383	840236	PUS1	TRUE	loss+gain	FALSE	FALSE	FALSE	TRUE	NA
12	133269729	133269815	2	DEL	86	10	PXMP2	protein_coding	intronic	NA	0.009178	34910	0	2	FALSE	1	0	PXMP2	2654	839287	PUS1	TRUE	loss+gain	FALSE	FALSE	FALSE	TRUE	NA
12	133270191	133270227	2	DEL	36	37	PXMP2	protein_coding	intronic	NA	0.009178	34911	0	2	FALSE	1	0	PXMP2	2242	839749	PUS1	TRUE	loss+gain	FALSE	FALSE	FALSE	TRUE	NA
9	139126676	139127235	2	INS	577	22	QSOX2	protein_coding	intronic	NA	9.8463e-08	27516	0	2	FALSE	1	0	QSOX2	7955	29701	LHX3	TRUE	loss+gain	FALSE	FALSE	TRUE	FALSE	NA
13	111182792	111182864	2	INS	65	22	RAB20	protein_coding	intronic	NA	0.0038974	36421	0	1	FALSE	1	0	RAB20	6247	223287	COL4A1	TRUE	loss+gain	FALSE	FALSE	FALSE	FALSE	NA
18	9815313	9815346	2	DEL	33	24	RAB31	protein_coding	intronic	NA	0.0012566	43473	0	2	FALSE	1	0	RAB31	93	680969	NDUFV2	TRUE	loss+gain	FALSE	FALSE	FALSE	TRUE	NA
5	34754633	34754693	2	INS	60	17	RAI14	protein_coding	intronic	NA	0.99122	14984	0	1	FALSE	1	0	RAI14	2879	1098103	IL7R	FALSE	loss+gain	FALSE	FALSE	FALSE	FALSE	NA
17	2851952	2852084	2	INS	121	19	RAP1GAP2	protein_coding	intronic	NA	0.96928	41795	0	1	FALSE	1	0	RAP1GAP2	8968	263042	PAFAH1B1	TRUE	loss+gain	FALSE	FALSE	TRUE	FALSE	NA
4	82890621	82890696	2	DEL	75	16	RASGEF1B	protein_coding	intronic	NA	0.92073	12442	0	1	FALSE	1	0	RASGEF1B	54109	1291992	COQ2	TRUE	loss+gain	FALSE	FALSE	FALSE	FALSE	NA
5	80372344	80372463	2	INS	123	21	RASGRF2	protein_coding	intronic	NA	0.15243	15581	0	1	FALSE	1	0	RASGRF2	3072	421541	DHFR	TRUE	loss+gain	FALSE	FALSE	FALSE	FALSE	NA
13	49001979	49002046	2	DEL	67	14	RB1	protein_coding	intronic	centoicu	1	35497	0	2	FALSE	2	0	LPAR6	15419	0	RB1	TRUE	loss+gain	FALSE	FALSE	FALSE	FALSE	NA
5	16535888	16535930	2	DEL	42	23	RETREG1	protein_coding	intronic	NA	NA	14676	0	1	FALSE	1	0	RETREG1	27166	2591235	DNAH5	TRUE	loss	FALSE	FALSE	FALSE	FALSE	NA
12	131017389	131017426	2	DEL	37	13	RIMBP2	protein_coding	intronic	NA	0.67813	34728	0	2	FALSE	1	0	RIMBP2	53830	1396318	PUS1	TRUE	loss+gain	FALSE	FALSE	FALSE	FALSE	NA
17	78287792	78287888	2	DEL	96	16	RNF213	protein_coding	intronic	NA	4.9078e-55	43123	0	2	FALSE	1	0	RNF213	824	93069	SGSH	TRUE	loss+gain	FALSE	FALSE	FALSE	FALSE	NA
5	175957332	175957375	2	DEL	43	43	RNF44	protein_coding	intronic	NA	0.27044	16887	0	2	FALSE	1	0	RNF44	124	602650	NSD1	TRUE	loss	FALSE	FALSE	TRUE	FALSE	NA
17	103479	103622	2	DEL	143	16	RPH3AL	protein_coding	intronic	NA	4.4376e-12	41601	0	2	FALSE	1	0	RPH3AL	6402	2392881	PAFAH1B1	TRUE	loss+gain	FALSE	FALSE	FALSE	FALSE	NA
17	78718124	78718203	2	DEL	79	20	RPTOR	protein_coding	intronic	NA	1	43151	0	2	FALSE	1	0	RPTOR	9606	523401	SGSH	TRUE	loss+gain	FALSE	FALSE	FALSE	FALSE	NA
11	63464337	63464368	2	DEL	31	15	RTN3	protein_coding	intronic	NA	6.6163e-05	31354	0	1	FALSE	1	0	RTN3	7954	1049492	PYGM	TRUE	loss	FALSE	FALSE	FALSE	FALSE	NA
21	37270199	37270324	2	DEL	125	15	RUNX1	protein_coding	intronic	NA	0.65377	48051	0	2	FALSE	1	0	RUNX1	31	850602	HLCS	TRUE	loss+gain	FALSE	FALSE	FALSE	FALSE	NA
4	159282603	159284292	2	DEL	1689	12	RXFP1	protein_coding	intronic	NA	1.3875e-12	13483	0	2	FALSE	1	0	RXFP1	107926	308984	ETFDH	FALSE	loss+gain	FALSE	FALSE	FALSE	FALSE	NA
4	159279347	159279864	2	DEL	517	10	RXFP1	protein_coding	intronic	NA	1.3875e-12	13479	0	2	FALSE	1	0	RXFP1	104670	313412	ETFDH	FALSE	loss	FALSE	FALSE	FALSE	FALSE	NA
4	159278789	159279337	2	DEL	548	13	RXFP1	protein_coding	intronic	NA	1.3875e-12	13478	0	2	FALSE	1	0	RXFP1	104112	313939	ETFDH	FALSE	loss	FALSE	FALSE	FALSE	FALSE	NA
4	159277420	159278038	2	DEL	618	13	RXFP1	protein_coding	intronic	NA	1.3875e-12	13477	0	2	FALSE	1	0	RXFP1	102743	315238	ETFDH	FALSE	loss	FALSE	FALSE	TRUE	FALSE	NA
15	34147817	34147851	2	DEL	34	21	RYR3	protein_coding	intronic	NA	0.70566	38519	0	1	FALSE	1	0	RYR3	233	374133	SLC12A6	TRUE	loss+gain	FALSE	FALSE	FALSE	FALSE	NA
1	246928373	246928465	2	DEL	92	21	SCCPDH	protein_coding	intronic	NA	4.5839e-09	4019	0	1	FALSE	1	0	SCCPDH	713	1900510	HNRNPU	TRUE	loss+gain	FALSE	FALSE	FALSE	TRUE	NA
1	1224977	1225234	2	DEL	257	11	SCNN1D	protein_coding	intronic	NA	1.6507e-33	60	0	2	FALSE	1	0	SCNN1D	416	725533	GABRD	TRUE	loss+gain	FALSE	FALSE	FALSE	TRUE	NA
20	13914969	13915134	2	DUP	165	14	SEL1L2	protein_coding	intronic	NA	7.3382e-20	46442	0	2	FALSE	1	0	SEL1L2	2551	112742	NDUFAF5	TRUE	loss+gain	FALSE	FALSE	FALSE	FALSE	NA
17	75332045	75332103	2	DEL	58	15	SEPTIN9	protein_coding	intronic	NA	NA	43030	0	2	FALSE	1	0	SEPTIN9	13014	1356786	ACOX1	TRUE	loss+gain	FALSE	FALSE	FALSE	TRUE	NA
X	587114	587320	2	DEL	206	14	SHOX	protein_coding	intronic	NA	0.66566	49535	0	2	FALSE	1	0	SHOX	4312	6477957	STS	TRUE	loss+gain	FALSE	FALSE	FALSE	FALSE	NA
X	608393	608474	2	DEL	81	30	SHOX	protein_coding	intronic	NA	0.66566	49541	0	2	FALSE	1	0	SHOX	3024	6456803	STS	TRUE	loss+gain	FALSE	FALSE	FALSE	FALSE	NA
11	411693	411883	2	DEL	190	19	SIGIRR	protein_coding	intronic	NA	5.9288e-06	30251	0	2	FALSE	1	0	SIGIRR	1818	120358	HRAS	TRUE	loss+gain	FALSE	FALSE	FALSE	FALSE	NA
5	175732711	175732767	2	INS	31	17	SIMC1	protein_coding	intronic	NA	3.9164e-06	16879	0	2	FALSE	1	0	SIMC1	7660	827258	NSD1	TRUE	loss+gain	FALSE	FALSE	FALSE	FALSE	NA
11	221043	221261	2	INS	141	30	SIRT3	protein_coding	intronic	NA	0.00016261	30228	0	2	FALSE	1	0	SIRT3	2001	310980	HRAS	TRUE	loss+gain	FALSE	FALSE	TRUE	FALSE	NA
1	2212884	2213035	2	DEL	151	12	SKI	protein_coding	intronic	NA	0.99901	110	0	2	FALSE	1	0	SKI	21381	122367	PEX10	TRUE	loss+gain	FALSE	FALSE	FALSE	TRUE	NA
4	87758439	87758591	2	INS	150	19	SLC10A6	protein_coding	intronic	NA	4.5131e-09	12530	0.002584	1	FALSE	1	0	SLC10A6	3861	1170195	PKD2	TRUE	loss+gain	FALSE	FALSE	TRUE	FALSE	NA
5	1061566	1061600	2	DEL	34	15	SLC12A7	protein_coding	intronic	NA	1.3921e-17	14326	0	2	FALSE	1	0	SLC12A7	999	739920	NDUFS6	TRUE	loss+gain	FALSE	FALSE	FALSE	FALSE	NA
21	46947451	46947673	2	INS	243	12	SLC19A1	protein_coding	intronic	NA	6.4655e-06	48357	0	1	FALSE	1	0	SLC19A1	1578	796381	PCNT	TRUE	loss+gain	FALSE	FALSE	TRUE	TRUE	NA
11	63025223	63025273	2	INS	44	16	SLC22A10	protein_coding	intronic	NA	1.8871e-19	31349	0	1	FALSE	1	0	SLC22A10	28098	1488587	PYGM	TRUE	loss+gain	FALSE	FALSE	FALSE	FALSE	NA
5	54992098	54992323	2	DEL	225	19	SLC38A9	protein_coding	intronic	NA	0.28628	15234	0	1	FALSE	1	0	SLC38A9	1350	2012929	NDUFS4	TRUE	loss+gain	FALSE	FALSE	FALSE	FALSE	NA
2	74557720	74558725	2	INS	1092	16	SLC4A5	protein_coding	intronic	NA	1.1368e-13	5381	0	1	FALSE	2	0	SLC4A5	15569	129458	MOGS	TRUE	loss+gain	FALSE	FALSE	FALSE	TRUE	NA
14	70391477	70391547	2	DEL	70	19	SMOC1	protein_coding	intronic	NA	0.0094673	37441	0	1	FALSE	1	0	SMOC1	27307	945319	ACTN1	TRUE	loss+gain	FALSE	FALSE	FALSE	FALSE	NA
6	168995794	168996044	2	INS	293	13	SMOC2	protein_coding	intronic	NA	0.0025279	19901	0	2	FALSE	1	0	SMOC2	3453	2199292	MPC1	TRUE	loss+gain	FALSE	FALSE	FALSE	FALSE	NA
6	168994602	168994811	2	INS	155	12	SMOC2	protein_coding	intronic	NA	0.0025279	19900	0	1	FALSE	1	0	SMOC2	4686	2198100	MPC1	TRUE	loss+gain	FALSE	FALSE	FALSE	FALSE	NA
2	1104483	1104556	2	DEL	73	17	SNTG2	protein_coding	intronic	NA	1.3092e-14	4166	0	2	FALSE	1	0	SNTG2	5354	273281	TPO	TRUE	loss+gain	FALSE	FALSE	FALSE	TRUE	NA
2	1218471	1218521	2	INS	52	22	SNTG2	protein_coding	intronic	NA	1.3092e-14	4177	0	2	FALSE	1	0	SNTG2	13554	159316	TPO	TRUE	loss+gain	FALSE	FALSE	TRUE	FALSE	NA
6	160133530	160133579	2	DEL	49	16	SOD2	protein_coding	intronic	NA	0.15499	19647	0	2	FALSE	1	0	SOD2	14304	1544217	SERAC1	TRUE	loss+gain	FALSE	FALSE	FALSE	FALSE	NA
15	80202252	80202309	2	DEL	57	21	ST20	protein_coding	intronic	NA	0.37485	39234	0	1	FALSE	2	0	ST20	2236	242522	FAH	TRUE	loss	FALSE	FALSE	FALSE	FALSE	NA
15	80202252	80202309	2	DEL	57	21	ST20-MTHFS	protein_coding	intronic	NA	0.0076321	39234	0	1	FALSE	2	0	ST20	2236	242522	FAH	TRUE	loss	FALSE	FALSE	FALSE	FALSE	NA
7	116652751	116652810	2	INS	61	14	ST7	protein_coding	intronic	NA	0.99703	22181	0	1	FALSE	2	0	AC106873.8	2245	274363	CFTR	TRUE	loss+gain	FALSE	FALSE	TRUE	FALSE	NA
10	17367437	17367472	2	DEL	35	12	ST8SIA6	protein_coding	intronic	NA	7.1568e-10	28144	0	1	FALSE	1	0	ST8SIA6	1540	1061880	CACNB2	TRUE	loss+gain	FALSE	FALSE	FALSE	FALSE	NA
7	929996	930118	2	INS	94	12	SUN1	protein_coding	intronic	NA	9.1868e-06	20147	0	2	FALSE	2	0	GET4	446	1647325	BRAT1	TRUE	loss+gain	FALSE	FALSE	FALSE	FALSE	NA
22	33328083	33328159	2	DEL	76	17	SYN3	protein_coding	intronic	NA	0.0018871	48901	0	2	FALSE	1	0	SYN3	616	1024063	DEPDC5	TRUE	loss+gain	FALSE	FALSE	FALSE	FALSE	NA
17	77998384	77998443	2	INS	97	21	TBC1D16	protein_coding	intronic	NA	2.5682e-07	43103	0	2	FALSE	1	0	TBC1D16	11037	76911	GAA	TRUE	loss+gain	FALSE	FALSE	TRUE	FALSE	NA
22	47168301	47168374	2	DEL	73	17	TBC1D22A	protein_coding	intronic	NA	0.41937	49252	0	2	FALSE	1	0	TBC1D22A	9555	415063	TRMU	TRUE	loss+gain	FALSE	FALSE	FALSE	FALSE	NA
10	133027344	133027410	2	INS	74	20	TCERG1L	protein_coding	intronic	NA	6.8376e-09	29998	0	1	FALSE	1	0	TCERG1L	31111	5515516	UROS	TRUE	loss+gain	FALSE	FALSE	FALSE	FALSE	NA
5	1275978	1276043	2	INS	34	24	TERT	protein_coding	intronic	NA	0.99046	14352	0	2	FALSE	1	0	TERT	2712	525477	NDUFS6	TRUE	loss+gain	FALSE	FALSE	FALSE	FALSE	NA
5	1273193	1273255	2	INS	97	27	TERT	protein_coding	intronic	NA	0.99046	14349	0	2	FALSE	1	0	TERT	797	528265	NDUFS6	TRUE	loss+gain	FALSE	FALSE	FALSE	TRUE	NA
5	1276822	1276948	2	INS	123	21	TERT	protein_coding	intronic	NA	0.99046	14354	0	2	FALSE	1	0	TERT	1807	524572	NDUFS6	TRUE	loss+gain	FALSE	FALSE	FALSE	FALSE	NA
13	114166457	114166528	2	DEL	71	16	TMCO3	protein_coding	intronic	NA	4.936e-16	36604	0	2	FALSE	1	0	TMCO3	1717	362613	F10	TRUE	loss+gain	FALSE	FALSE	FALSE	TRUE	NA
12	126097592	126097766	2	INS	33	30	TMEM132B	protein_coding	intronic	NA	0.99876	34588	0	2	FALSE	1	0	TMEM132B	29051	1979278	EIF2B1	TRUE	loss+gain	FALSE	FALSE	TRUE	FALSE	NA
12	125945899	125945995	2	INS	94	10	TMEM132B	protein_coding	intronic	NA	0.99876	34584	0	1	FALSE	1	0	TMEM132B	45675	1827585	EIF2B1	FALSE	gain	FALSE	FALSE	FALSE	FALSE	NA
12	125688803	125689267	2	DEL	464	11	TMEM132B	protein_coding	intronic	NA	0.99876	34575	0	1	FALSE	1	0	TMEM132B	62030	1570489	EIF2B1	TRUE	loss+gain	FALSE	FALSE	FALSE	FALSE	NA
14	104992478	104992568	2	DEL	90	12	TMEM179	protein_coding	intronic	NA	0.67923	38111	0	2	FALSE	1	0	TMEM179	51415	2023663	TECPR2	TRUE	loss+gain	FALSE	FALSE	FALSE	FALSE	NA
6	157732688	157732792	2	INS	67	20	TMEM242	protein_coding	intronic	NA	4.8272e-05	19565	0	2	FALSE	1	0	TMEM242	6964	797758	SERAC1	TRUE	loss+gain	FALSE	FALSE	FALSE	FALSE	NA
13	114510667	114510823	2	DEL	156	11	TMEM255B	protein_coding	intronic	NA	7.7218e-12	36629	0	1	FALSE	1	0	TMEM255B	2665	706823	F10	TRUE	loss+gain	FALSE	FALSE	FALSE	FALSE	NA
14	77687397	77687523	2	INS	83	14	TMEM63C	protein_coding	intronic	NA	0.24344	37604	0	1	FALSE	2	0	TMEM63C	966	53775	POMT2	TRUE	loss+gain	FALSE	FALSE	FALSE	FALSE	NA
11	1315562	1315611	2	DEL	49	14	TOLLIP	protein_coding	intronic	NA	0.081141	30325	0	2	FALSE	1	0	TOLLIP	1263	458373	CTSD	TRUE	loss+gain	FALSE	FALSE	FALSE	TRUE	NA
11	1309064	1309155	2	INS	130	18	TOLLIP	protein_coding	intronic	NA	0.081141	30324	0	2	FALSE	1	0	TOLLIP	698	464829	CTSD	TRUE	loss+gain	FALSE	FALSE	FALSE	FALSE	NA
8	144390374	144390489	2	DEL	115	27	TOP1MT	protein_coding	intronic	NA	2.4353e-34	25534	0	2	FALSE	1	0	TOP1MT	1124	391114	CYP11B2	TRUE	loss+gain	FALSE	FALSE	FALSE	FALSE	NA
2	239306414	239306488	2	INS	40	17	TRAF3IP1	protein_coding	intronic	NA	1.9085e-08	7866	0	2	FALSE	1	0	TRAF3IP1	93	2501752	AGXT	TRUE	loss+gain	FALSE	FALSE	FALSE	TRUE	NA
8	140768287	140768353	2	INS	72	17	TRAPPC9	protein_coding	intronic	NA	2.2898e-14	25378	0	2	FALSE	1	0	TRAPPC9	23841	3185418	CYP11B1	TRUE	loss+gain	FALSE	FALSE	FALSE	FALSE	NA
9	73897104	73897275	2	INS	100	21	TRPM3	protein_coding	intronic	NA	5.6853e-07	26418	0	2	FALSE	1	0	TRPM3	160833	2007572	TJP2	TRUE	loss+gain	FALSE	FALSE	FALSE	FALSE	NA
9	73897334	73897496	2	INS	199	13	TRPM3	protein_coding	intronic	NA	5.6853e-07	26420	0	2	FALSE	1	0	TRPM3	161063	2007802	TJP2	TRUE	loss+gain	FALSE	FALSE	FALSE	TRUE	NA
9	124588746	124588792	2	DEL	46	16	TTLL11	protein_coding	intronic	NA	6.2403e-09	27165	0	2	FALSE	1	0	TTLL11	3587	1246297	CDK5RAP2	TRUE	loss+gain	FALSE	FALSE	FALSE	FALSE	NA
7	138938004	138938043	2	DEL	39	13	UBN2	protein_coding	intronic	NA	0.99993	22480	0	1	FALSE	1	0	UBN2	1200	1134952	AKR1D1	TRUE	loss	FALSE	FALSE	FALSE	FALSE	NA
16	1447502	1447594	2	DEL	92	37	UNKL	protein_coding	intronic	NA	0.81729	39791	0	2	FALSE	1	0	UNKL	205	33387	GNPTG	TRUE	loss+gain	FALSE	FALSE	FALSE	TRUE	NA
16	1423565	1423879	2	DEL	314	30	UNKL	protein_coding	intronic	NA	0.81729	39789	0	2	FALSE	1	0	UNKL	1952	9450	GNPTG	TRUE	loss+gain	FALSE	FALSE	FALSE	TRUE	NA
3	126234884	126234993	2	DEL	109	13	UROC1	protein_coding	intronic	NA	2.0787e-15	9862	0	1	FALSE	1	0	UROC1	1443	1766763	UMPS	TRUE	loss+gain	FALSE	FALSE	TRUE	FALSE	NA
2	234476590	234476786	2	DEL	196	19	USP40	protein_coding	promoter	NA	1.1506e-25	7772	0	1	FALSE	1	1161	USP40	2353	192129	UGT1A1	TRUE	loss	FALSE	FALSE	FALSE	FALSE	NA
7	158880066	158880386	2	DEL	320	14	VIPR2	protein_coding	intronic	NA	4.718e-11	23088	0	2	FALSE	1	0	VIPR2	9139	3274908	SHH	TRUE	loss+gain	FALSE	FALSE	FALSE	TRUE	NA
17	546153	546553	2	DEL	400	26	VPS53	protein_coding	intronic	NA	1.3999e-07	41668	0	2	FALSE	1	0	VPS53	9977	1949950	PAFAH1B1	TRUE	loss+gain	FALSE	FALSE	FALSE	FALSE	NA
17	451831	451894	2	INS	130	20	VPS53	protein_coding	intronic	NA	1.3999e-07	41658	0	2	FALSE	1	0	VPS53	3217	2044609	PAFAH1B1	TRUE	loss+gain	FALSE	FALSE	TRUE	FALSE	NA
17	6661683	6661731	2	DEL	48	18	XAF1	protein_coding	intronic	NA	6.8151e-12	41897	0	2	FALSE	1	0	XAF1	139	44986	SLC13A5	TRUE	loss	FALSE	FALSE	FALSE	FALSE	NA
8	144575177	144575269	2	INS	71	17	ZC3H3	protein_coding	intronic	NA	0.46998	25549	0	2	FALSE	1	0	ZC3H3	8059	414045	PLEC	TRUE	loss+gain	FALSE	FALSE	FALSE	FALSE	NA
20	62592116	62592159	2	DEL	43	17	ZNF512B	protein_coding	intronic	NA	0.99992	47420	0	2	FALSE	1	0	ZNF512B	502	264509	RTEL1	TRUE	loss+gain	FALSE	FALSE	FALSE	FALSE	NA
18	74104680	74104730	2	DEL	50	18	ZNF516	protein_coding	intronic	NA	0.99992	44388	0	2	FALSE	1	0	ZNF516	12420	17682970	MALT1	TRUE	loss+gain	FALSE	FALSE	FALSE	FALSE	NA
9	116663304	116663365	2	INS	89	16	ZNF618	protein_coding	intronic	NA	0.99842	27065	0	1	FALSE	1	0	ZNF618	24610	254451	COL27A1	TRUE	loss+gain	FALSE	FALSE	FALSE	FALSE	NA
16	89295882	89295932	2	DEL	50	16	ZNF778	protein_coding	UTR	NA	7.1255e-06	41510	0	2	FALSE	1	0	ZNF778	914	65352	ACSF3	TRUE	loss+gain	FALSE	FALSE	FALSE	FALSE	NA
19	56746525	56746735	2	INS	155	14	ZSCAN5A	protein_coding	intronic	NA	0.0081938	46121	0	1	FALSE	1	0	ZSCAN5A	10109	2048130	TSEN34	TRUE	loss+gain	FALSE	FALSE	FALSE	FALSE	NA
1	53268805	53268921	2	DEL	116	27	ZYG11B	protein_coding	intronic	NA	0.99836	1172	0	1	FALSE	1	0	ZYG11B	993	393542	CPT2	TRUE	loss+gain	FALSE	FALSE	FALSE	FALSE	NA
17	43691185	44354377	3	DEL	663192	12	AC005829.1	transcribed_unprocessed_pseudogene	promoter	NA	NA	42515_amb	0	1	TRUE	7	0	ARL17B	0	0	KANSL1	TRUE	loss+gain	TRUE	TRUE	TRUE	TRUE	1.27 (5)
17	43691185	44354377	3	DEL	663192	12	AC005829.2	processed_pseudogene	promoter	NA	NA	42515_amb	0	1	TRUE	7	0	ARL17B	0	0	KANSL1	TRUE	loss+gain	TRUE	TRUE	TRUE	TRUE	1.27 (5)
16	89295882	89295932	3	DEL	50	16	AC009113.2	lncRNA	promoter	NA	NA	41510	0	2	FALSE	1	0	ZNF778	914	65352	ACSF3	TRUE	loss+gain	FALSE	FALSE	FALSE	FALSE	NA
2	123284244	123294573	3	DUP	10329	13	AC011246.1	lncRNA	intronic	NA	NA	6182	0.003275	1	FALSE	0	758814	TSN	761303	1534014	GLI2	TRUE	loss+gain	FALSE	FALSE	TRUE	TRUE	NA
2	88762791	88762826	3	DEL	35	14	AC012671.1	miRNA	promoter	NA	NA	5618	0	1	FALSE	0	10579	FOXI3	10737	93432	EIF2AK3	TRUE	loss+gain	FALSE	FALSE	FALSE	FALSE	NA
2	2648794	2648876	3	DEL	82	15	AC018685.2	lncRNA	intronic	NA	NA	4248	0	1	FALSE	0	313357	MYT1L	544231	1101310	TPO	TRUE	loss+gain	FALSE	FALSE	FALSE	TRUE	NA
4	1020052	1020206	3	INS	190	23	AC019103.1	lncRNA	promoter	NA	NA	11048	0	2	FALSE	1	0	FGFRL1	919	21699	IDUA	TRUE	loss+gain	FALSE	FALSE	TRUE	TRUE	NA
15	45753730	45753888	3	INS	189	11	AC025580.2	lncRNA	intronic	NA	NA	38686	0	2	FALSE	0	12770	C15orf48	12770	59204	GATM	TRUE	loss+gain	FALSE	FALSE	FALSE	FALSE	NA
15	101098270	101098581	3	DEL	311	11	AC027020.1	lncRNA	promoter	NA	NA	39587	0	2	FALSE	0	992	LINS1	6875	13069	CERS3	TRUE	loss+gain	FALSE	FALSE	FALSE	TRUE	NA
18	55309794	55309895	3	DEL	101	13	AC027097.1	lncRNA	intronic	NA	NA	44100	0	1	FALSE	0	3762	ATP8B1	5827	3762	ATP8B1	TRUE	loss+gain	FALSE	FALSE	FALSE	FALSE	NA
18	55309794	55309895	3	DEL	101	13	AC027097.2	lncRNA	intronic	NA	NA	44100	0	1	FALSE	0	3762	ATP8B1	5827	3762	ATP8B1	TRUE	loss+gain	FALSE	FALSE	FALSE	FALSE	NA
2	307967	308134	3	DEL	167	15	AC079779.3	lncRNA	intronic	NA	NA	4124	0.000289	2	FALSE	0	19115	ALKAL2	20131	1069703	TPO	TRUE	loss+gain	FALSE	FALSE	FALSE	TRUE	NA
2	307967	308134	3	DEL	167	15	AC079779.4	lncRNA	intronic	NA	NA	4124	0.000289	2	FALSE	0	19115	ALKAL2	20131	1069703	TPO	TRUE	loss+gain	FALSE	FALSE	FALSE	TRUE	NA
5	8256374	8257802	3	DEL	1428	10	AC091912.3	lncRNA	intronic	NA	NA	14547	0	2	FALSE	0	350235	MTRR	356205	350235	MTRR	TRUE	loss+gain	FALSE	FALSE	FALSE	FALSE	NA
5	8258212	8259165	3	DEL	953	11	AC091912.3	lncRNA	intronic	NA	NA	14551	0	2	FALSE	0	352073	MTRR	358043	352073	MTRR	FALSE	loss+gain	FALSE	FALSE	FALSE	TRUE	NA
5	8259216	8260033	3	DEL	817	14	AC091912.3	lncRNA	intronic	NA	NA	14552	0	2	FALSE	0	353077	MTRR	359047	353077	MTRR	FALSE	loss+gain	FALSE	FALSE	FALSE	TRUE	NA
4	18613979	18614103	3	DEL	124	28	AC093898.1	lncRNA	intronic	NA	NA	11451	0	2	FALSE	0	590479	LCORL	590604	1100149	QDPR	TRUE	loss+gain	FALSE	FALSE	FALSE	TRUE	NA
1	248572014	248796344	3	INV	224330	17	AC098483.1	lncRNA	promoter	NA	NA	4075_amb	0	1	TRUE	8	0	OR2T11	0	3544151	HNRNPU	TRUE	loss+gain	FALSE	TRUE	TRUE	TRUE	1.46 (2)
1	248572014	248796344	3	INV	224330	17	AC098483.2	processed_pseudogene	promoter	NA	NA	4075_amb	0	1	TRUE	8	0	OR2T11	0	3544151	HNRNPU	TRUE	loss+gain	FALSE	TRUE	TRUE	TRUE	1.46 (2)
2	420373	420419	3	DEL	46	11	AC105393.1	lncRNA	promoter	NA	NA	4127	0	1	FALSE	0	131521	ALKAL2	132537	957418	TPO	TRUE	loss+gain	FALSE	FALSE	FALSE	TRUE	NA
12	76955187	76955230	3	DEL	43	19	AC107032.2	lncRNA	promoter	NA	NA	33740	0	2	FALSE	1	1597	OSBPL8	73855	212991	BBS10	TRUE	gain	FALSE	FALSE	FALSE	TRUE	NA
17	77998384	77998443	3	INS	97	21	AC116025.1	lncRNA	intronic	NA	NA	43103	0	2	FALSE	1	0	TBC1D16	11037	76911	GAA	TRUE	loss+gain	FALSE	FALSE	TRUE	FALSE	NA
11	2428327	2428358	3	DEL	31	12	AC124057.1	lncRNA	intronic	NA	NA	30389_amb	0	1	FALSE	1	0	TRPM5	0	9699	CD81	TRUE	loss+gain	FALSE	FALSE	FALSE	TRUE	NA
17	78287792	78287888	3	DEL	96	16	AC124319.1	lncRNA	promoter	NA	NA	43123	0	2	FALSE	1	0	RNF213	824	93069	SGSH	TRUE	loss+gain	FALSE	FALSE	FALSE	FALSE	NA
12	93735771	93735806	3	DEL	35	21	AC124947.1	lncRNA	intronic	NA	NA	33965	0	1	FALSE	0	35852	NUDT4	36292	5199894	CEP290	TRUE	loss+gain	FALSE	FALSE	TRUE	FALSE	NA
1	248572014	248796344	3	INV	224330	17	AC138089.1	lncRNA	promoter	NA	NA	4075_amb	0	1	TRUE	8	0	OR2T11	0	3544151	HNRNPU	TRUE	loss+gain	FALSE	TRUE	TRUE	TRUE	1.46 (2)
12	9558263	9558626	3	INS	368	13	AC141557.1	unprocessed_pseudogene	intronic	NA	NA	32802	0	2	FALSE	0	188520	KLRB1	189246	792799	AICDA	TRUE	loss+gain	FALSE	FALSE	TRUE	TRUE	NA
16	32127341	32127388	3	DEL	47	23	AC142381.2	processed_pseudogene	promoter	NA	NA	40410	0	1	FALSE	0	136651	TP53TG3D	137286	1003228	BCKDK	TRUE	loss+gain	FALSE	FALSE	TRUE	FALSE	NA
17	43691185	44354377	3	DEL	663192	12	AC217774.1	lncRNA	promoter	NA	NA	42515_amb	0	1	TRUE	7	0	ARL17B	0	0	KANSL1	TRUE	loss+gain	TRUE	TRUE	TRUE	TRUE	1.27 (5)
17	43691185	44354377	3	DEL	663192	12	AC217774.2	lncRNA	promoter	NA	NA	42515_amb	0	1	TRUE	7	0	ARL17B	0	0	KANSL1	TRUE	loss+gain	TRUE	TRUE	TRUE	TRUE	1.27 (5)
1	144502180	144949143	3	INV	446963	15	AC239802.1	lncRNA	promoter	NA	NA	2263_amb	0	1	TRUE	3	0	PDE4DIP	0	449106	HJV	TRUE	loss+gain	FALSE	TRUE	TRUE	TRUE	1.37 (4)
1	144502180	144949143	3	INV	446963	15	AC239802.2	lncRNA	promoter	NA	NA	2263_amb	0	1	TRUE	3	0	PDE4DIP	0	449106	HJV	TRUE	loss+gain	FALSE	TRUE	TRUE	TRUE	1.37 (4)
1	144502180	144949143	3	INV	446963	15	AC239804.1	lncRNA	promoter	NA	NA	2263_amb	0	1	TRUE	3	0	PDE4DIP	0	449106	HJV	TRUE	loss+gain	FALSE	TRUE	TRUE	TRUE	1.37 (4)
1	144502180	144949143	3	INV	446963	15	AC239804.2	unprocessed_pseudogene	promoter	NA	NA	2263_amb	0	1	TRUE	3	0	PDE4DIP	0	449106	HJV	TRUE	loss+gain	FALSE	TRUE	TRUE	TRUE	1.37 (4)
1	144502180	144949143	3	INV	446963	15	AC241952.1	transcribed_unprocessed_pseudogene	intronic	NA	NA	2263_amb	0	1	TRUE	3	0	PDE4DIP	0	449106	HJV	TRUE	loss+gain	FALSE	TRUE	TRUE	TRUE	1.37 (4)
1	144502180	144949143	3	INV	446963	15	AL138796.1	miRNA	promoter	NA	NA	2263_amb	0	1	TRUE	3	0	PDE4DIP	0	449106	HJV	TRUE	loss+gain	FALSE	TRUE	TRUE	TRUE	1.37 (4)
6	168636175	168636282	3	INS	92	12	AL606970.2	lncRNA	intronic	NA	NA	19871	0	2	FALSE	0	57227	DACT2	58294	1839673	MPC1	TRUE	loss+gain	FALSE	FALSE	FALSE	TRUE	NA
6	168635920	168636030	3	INS	78	15	AL606970.2	lncRNA	intronic	NA	NA	19870	0	2	FALSE	0	57479	DACT2	58546	1839418	MPC1	TRUE	loss+gain	FALSE	FALSE	FALSE	TRUE	NA
6	168638493	168638584	3	INS	80	16	AL606970.2	lncRNA	intronic	NA	NA	19872	0	2	FALSE	0	54925	DACT2	55992	1841991	MPC1	TRUE	loss+gain	FALSE	FALSE	FALSE	TRUE	NA
17	43691185	44354377	3	DEL	663192	12	CR936218.1	lncRNA	promoter	NA	NA	42515_amb	0	1	TRUE	7	0	ARL17B	0	0	KANSL1	TRUE	loss+gain	TRUE	TRUE	TRUE	TRUE	1.27 (5)
17	43691185	44354377	3	DEL	663192	12	CR936218.2	lncRNA	promoter	NA	NA	42515_amb	0	1	TRUE	7	0	ARL17B	0	0	KANSL1	TRUE	loss+gain	TRUE	TRUE	TRUE	TRUE	1.27 (5)
15	102302617	102303102	3	INS	347	19	DNM1P47	transcribed_unprocessed_pseudogene	intronic	NA	NA	39644	0	2	FALSE	0	37940	TARS3	38026	1217416	CERS3	TRUE	loss+gain	FALSE	FALSE	FALSE	TRUE	NA
4	187292485	187292585	3	INS	46	13	F11-AS1	lncRNA	intronic	NA	NA	13962	0	1	FALSE	0	55114	AC018709.1	55521	81649	F11	TRUE	loss+gain	FALSE	FALSE	FALSE	TRUE	NA
6	31023091	31023127	3	INS	36	12	HCG22	transcribed_unprocessed_pseudogene	intronic	NA	NA	17724	0	1	FALSE	0	19911	MUC22	20378	802308	NEU1	TRUE	loss+gain	FALSE	FALSE	TRUE	FALSE	NA
16	32127341	32127388	3	DEL	47	23	HERC2P4	transcribed_unprocessed_pseudogene	intronic	NA	NA	40410	0	1	FALSE	0	136651	TP53TG3D	137286	1003228	BCKDK	TRUE	loss+gain	FALSE	FALSE	TRUE	FALSE	NA
17	43691185	44354377	3	DEL	663192	12	KANSL1-AS1	lncRNA	promoter	NA	NA	42515_amb	0	1	TRUE	7	0	ARL17B	0	0	KANSL1	TRUE	loss+gain	TRUE	TRUE	TRUE	TRUE	1.27 (5)
18	74323781	74323879	3	INS	59	14	LINC00683	lncRNA	intronic	NA	NA	44401	0	1	FALSE	0	116582	ZNF516	168770	17902071	MALT1	TRUE	loss+gain	FALSE	FALSE	TRUE	FALSE	NA
2	242948593	242948657	3	INS	41	14	LINC01237	lncRNA	intronic	NA	NA	8052	0	1	FALSE	0	103890	FAM240C	106072	240361	D2HGDH	TRUE	loss+gain	FALSE	FALSE	FALSE	TRUE	NA
17	43691185	44354377	3	DEL	663192	12	LINC02210	transcribed_unitary_pseudogene	promoter	NA	NA	42515_amb	0	1	TRUE	7	0	ARL17B	0	0	KANSL1	TRUE	loss+gain	TRUE	TRUE	TRUE	TRUE	1.27 (5)
12	43060812	43060848	3	DEL	36	13	LINC02451	lncRNA	intronic	NA	NA	33292	0	1	FALSE	0	76654	PRICKLE1	194493	76654	PRICKLE1	TRUE	loss+gain	FALSE	FALSE	FALSE	FALSE	NA
12	91225530	91227238	3	DUP	1708	19	LINC02822	lncRNA	intronic	NA	NA	33937	0.006163	1	FALSE	0	72160	CCER1	120063	2689653	CEP290	FALSE	loss+gain	FALSE	FALSE	TRUE	TRUE	NA
8	144096980	144097040	3	DEL	60	24	LY6E-DT	lncRNA	intronic	NA	NA	25504	0	2	FALSE	0	2358	LY6E	2393	97720	CYP11B2	TRUE	loss	FALSE	FALSE	FALSE	FALSE	NA
17	43691185	44354377	3	DEL	663192	12	MAPK8IP1P1	processed_pseudogene	promoter	NA	NA	42515_amb	0	1	TRUE	7	0	ARL17B	0	0	KANSL1	TRUE	loss+gain	TRUE	TRUE	TRUE	TRUE	1.27 (5)
17	43691185	44354377	3	DEL	663192	12	MAPT-AS1	lncRNA	promoter	NA	NA	42515_amb	0	1	TRUE	7	0	ARL17B	0	0	KANSL1	TRUE	loss+gain	TRUE	TRUE	TRUE	TRUE	1.27 (5)
17	43691185	44354377	3	DEL	663192	12	MAPT-IT1	lncRNA	promoter	NA	NA	42515_amb	0	1	TRUE	7	0	ARL17B	0	0	KANSL1	TRUE	loss+gain	TRUE	TRUE	TRUE	TRUE	1.27 (5)
1	248572014	248796344	3	INV	224330	17	OR2AS1P	unprocessed_pseudogene	promoter	NA	NA	4075_amb	0	1	TRUE	8	0	OR2T11	0	3544151	HNRNPU	TRUE	loss+gain	FALSE	TRUE	TRUE	TRUE	1.46 (2)
1	248572014	248796344	3	INV	224330	17	OR2AS2P	unprocessed_pseudogene	promoter	NA	NA	4075_amb	0	1	TRUE	8	0	OR2T11	0	3544151	HNRNPU	TRUE	loss+gain	FALSE	TRUE	TRUE	TRUE	1.46 (2)
1	248572014	248796344	3	INV	224330	17	OR2T7	polymorphic_pseudogene	coding	NA	1.7847e-06	4075_amb	0	1	TRUE	8	0	OR2T11	0	3544151	HNRNPU	TRUE	loss+gain	FALSE	TRUE	TRUE	TRUE	1.46 (2)
1	144502180	144949143	3	INV	446963	15	PFN1P2	transcribed_processed_pseudogene	promoter	NA	NA	2263_amb	0	1	TRUE	3	0	PDE4DIP	0	449106	HJV	TRUE	loss+gain	FALSE	TRUE	TRUE	TRUE	1.37 (4)
15	101098270	101098581	3	DEL	311	11	PRKXP1	processed_pseudogene	intronic	NA	NA	39587	0	2	FALSE	0	992	LINS1	6875	13069	CERS3	TRUE	loss+gain	FALSE	FALSE	FALSE	TRUE	NA
15	101094600	101094637	3	DEL	37	11	PRKXP1	processed_pseudogene	intronic	NA	NA	39584	0	2	FALSE	0	4936	LINS1	10819	9399	CERS3	TRUE	loss+gain	FALSE	FALSE	FALSE	TRUE	NA
1	144502180	144949143	3	INV	446963	15	RNU1-59P	snRNA	promoter	NA	NA	2263_amb	0	1	TRUE	3	0	PDE4DIP	0	449106	HJV	TRUE	loss+gain	FALSE	TRUE	TRUE	TRUE	1.37 (4)
1	144502180	144949143	3	INV	446963	15	RNU2-38P	snRNA	promoter	NA	NA	2263_amb	0	1	TRUE	3	0	PDE4DIP	0	449106	HJV	TRUE	loss+gain	FALSE	TRUE	TRUE	TRUE	1.37 (4)
17	43691185	44354377	3	DEL	663192	12	RNU7-101P	snRNA	promoter	NA	NA	42515_amb	0	1	TRUE	7	0	ARL17B	0	0	KANSL1	TRUE	loss+gain	TRUE	TRUE	TRUE	TRUE	1.27 (5)
1	144502180	144949143	3	INV	446963	15	RP11-640M9.1	antisense	promoter	NA	NA	2263_amb	0	1	TRUE	3	0	PDE4DIP	0	449106	HJV	TRUE	loss+gain	FALSE	TRUE	TRUE	TRUE	1.37 (4)
1	144502180	144949143	3	INV	446963	15	RP11-640M9.2	pseudogene	promoter	NA	NA	2263_amb	0	1	TRUE	3	0	PDE4DIP	0	449106	HJV	TRUE	loss+gain	FALSE	TRUE	TRUE	TRUE	1.37 (4)
1	95173848	95173882	3	DEL	34	10	SLC44A3-AS1	transcribed_processed_pseudogene	intronic	NA	NA	1740	0	1	FALSE	0	112015	SLC44A3	112125	2369416	DPYD	TRUE	gain	FALSE	FALSE	TRUE	FALSE	NA
1	144502180	144949143	3	INV	446963	15	WI2-1896O14.1	pseudogene	promoter	NA	NA	2263_amb	0	1	TRUE	3	0	PDE4DIP	0	449106	HJV	TRUE	loss+gain	FALSE	TRUE	TRUE	TRUE	1.37 (4)
1	248572014	248796344	3	INV	224330	17	Y_RNA	misc_RNA	promoter	NA	NA	4075_amb	0	1	TRUE	8	0	OR2T11	0	3544151	HNRNPU	TRUE	loss+gain	FALSE	TRUE	TRUE	TRUE	1.46 (2)
17	43691185	44354377	3	DEL	663192	12	Y_RNA	misc_RNA	promoter	NA	NA	42515_amb	0	1	TRUE	7	0	ARL17B	0	0	KANSL1	TRUE	loss+gain	TRUE	TRUE	TRUE	TRUE	1.27 (5)
15	101671247	101671963	3	INS	674	13	NA	NA	NA	NA	NA	39610	0	2	FALSE	0	43968	CHSY1	45632	586046	CERS3	TRUE	loss+gain	FALSE	FALSE	TRUE	FALSE	NA
5	564889	565111	3	DEL	222	27	NA	NA	NA	NA	NA	14280	0	2	FALSE	0	40324	SLC9A3	40451	307691	SDHA	TRUE	loss+gain	FALSE	FALSE	FALSE	TRUE	NA
1	38996212	38996292	3	INS	83	17	NA	NA	NA	NA	NA	967	0	1	FALSE	0	307577	RRAGC	308935	1542089	PPT1	TRUE	loss+gain	FALSE	FALSE	FALSE	TRUE	NA
4	3569633	3569692	3	DEL	59	21	NA	NA	NA	NA	NA	11151	0	2	FALSE	0	35459	LRPAP1	35493	1759033	FGFR3	TRUE	loss+gain	FALSE	FALSE	FALSE	TRUE	NA
4	182526737	182526855	3	INS	124	12	NA	NA	NA	NA	NA	13845	0	1	FALSE	0	538284	TENM3	718318	4163145	AGA	TRUE	loss+gain	FALSE	FALSE	FALSE	TRUE	NA
2	91670267	91670340	3	DEL	73	30	NA	NA	NA	NA	NA	5725	0	2	FALSE	0	1131869	RP11-685N3.1	1131894	2743284	EIF2AK3	TRUE	loss+gain	FALSE	FALSE	TRUE	FALSE	NA
17	43062282	43062336	3	DEL	54	16	NA	NA	NA	NA	NA	42489	0	2	FALSE	0	16610	C1QL1	16865	67976	GFAP	TRUE	loss+gain	FALSE	FALSE	FALSE	FALSE	NA
3	184262486	184262546	3	DEL	60	19	NA	NA	NA	NA	NA	10638	0	1	FALSE	0	17026	EPHB3	17477	295149	ALG3	TRUE	loss+gain	FALSE	FALSE	TRUE	FALSE	NA
21	47426058	47426132	3	INS	64	20	NA	NA	NA	NA	NA	48404	0	2	FALSE	0	1093	COL6A1	2133	317922	PCNT	TRUE	loss+gain	FALSE	FALSE	TRUE	TRUE	NA
1	20822947	20822980	3	DEL	33	14	NA	NA	NA	NA	NA	590	0	1	FALSE	0	2960	MUL1	4205	1012909	ALPL	TRUE	gain	FALSE	FALSE	TRUE	FALSE	NA
1	244956284	244956284	3	INS	999999999	10	NA	NA	NA	NA	NA	3949	0	1	TRUE	0	42633	COX20	42732	47655	HNRNPU	TRUE	gain	FALSE	FALSE	FALSE	FALSE	0.77 (1)
3	195207965	195208853	3	DEL	888	13	NA	NA	NA	NA	NA	10827	0	2	FALSE	0	32370	PPP1R2	34843	11240628	ALG3	TRUE	loss+gain	FALSE	FALSE	FALSE	TRUE	NA
17	43061722	43061852	3	DEL	130	18	NA	NA	NA	NA	NA	42488	0	2	FALSE	0	16050	C1QL1	16305	67416	GFAP	TRUE	loss+gain	FALSE	FALSE	FALSE	FALSE	NA
4	187890417	187890784	3	DEL	367	13	NA	NA	NA	NA	NA	13998	0	2	FALSE	0	242540	FAT1	259435	679581	F11	TRUE	loss+gain	FALSE	FALSE	FALSE	TRUE	NA
4	188426505	188426548	3	DEL	43	27	NA	NA	NA	NA	NA	14016	0	1	FALSE	0	490376	ZFP42	497413	1215669	F11	TRUE	loss+gain	FALSE	FALSE	TRUE	FALSE	NA
4	190387959	190388040	3	DEL	81	11	NA	NA	NA	NA	NA	14114	0	2	FALSE	0	473984	FRG1	474124	3177123	F11	TRUE	loss+gain	FALSE	FALSE	FALSE	TRUE	NA
5	152738083	152738116	3	DEL	33	11	NA	NA	NA	NA	NA	16530	0	1	FALSE	0	131058	GRIA1	132332	1433670	GLRA1	TRUE	gain	FALSE	FALSE	TRUE	FALSE	NA
10	102411483	102411616	3	DEL	133	11	NA	NA	NA	NA	NA	29468	0	2	FALSE	0	83743	PAX2	94401	83743	PAX2	TRUE	loss+gain	FALSE	FALSE	FALSE	FALSE	NA
7	159941	159996	3	DEL	55	22	NA	NA	NA	NA	NA	20059	0	2	FALSE	0	32972	FAM20C	33203	2417447	BRAT1	TRUE	loss+gain	FALSE	FALSE	TRUE	FALSE	NA
8	543261	543416	3	INS	156	17	NA	NA	NA	NA	NA	23140	0	2	FALSE	0	21329	ERICH1	21809	1160527	CLN8	TRUE	loss+gain	FALSE	FALSE	TRUE	TRUE	NA
8	131062084	131062322	3	DEL	238	34	NA	NA	NA	NA	NA	25200	0	2	FALSE	0	2027	ASAP1	4657	2070783	KCNQ3	TRUE	loss+gain	FALSE	FALSE	FALSE	TRUE	NA
21	47454462	47454587	3	INS	166	15	NA	NA	NA	NA	NA	48413	0	2	FALSE	0	29497	COL6A1	30537	289467	PCNT	TRUE	loss+gain	FALSE	FALSE	FALSE	TRUE	NA
1	1011705	1011910	3	DEL	205	12	NA	NA	NA	NA	NA	47	0	1	FALSE	0	2018	RNF223	3758	938857	GABRD	TRUE	loss+gain	FALSE	FALSE	FALSE	TRUE	NA
9	138088287	138088387	3	INS	77	13	NA	NA	NA	NA	NA	27467	0	2	FALSE	0	75260	OLFM1	76265	505643	KCNT1	TRUE	loss+gain	FALSE	FALSE	FALSE	TRUE	NA
9	139144226	139144446	3	INS	223	13	NA	NA	NA	NA	NA	27518	0	1	FALSE	0	6567	QSOX2	6576	47251	LHX3	TRUE	loss+gain	FALSE	FALSE	FALSE	FALSE	NA
10	86361830	86362012	3	INS	185	19	NA	NA	NA	NA	NA	29217	0	1	FALSE	0	83552	CCSER2	87809	2447946	GLUD1	TRUE	loss+gain	FALSE	FALSE	TRUE	FALSE	NA
10	132587329	132587397	3	INS	49	19	NA	NA	NA	NA	NA	29972	0	2	FALSE	0	303256	TCERG1L	304030	5075501	UROS	TRUE	loss+gain	FALSE	FALSE	FALSE	TRUE	NA
17	75824905	75825114	3	DEL	209	14	NA	NA	NA	NA	NA	43048	0	1	FALSE	0	130207	TNRC6C	175173	1849646	ACOX1	TRUE	loss	FALSE	FALSE	TRUE	FALSE	NA
2	170323549	170323638	3	INS	117	22	NA	NA	NA	NA	NA	6813	0	2	FALSE	0	12351	BBS5	12425	435714	ABCB11	TRUE	loss+gain	FALSE	FALSE	FALSE	TRUE	NA
19	56591770	56591977	3	DEL	207	25	NA	NA	NA	NA	NA	46116	0	2	FALSE	0	6754	ZNF787	7414	1893375	TSEN34	TRUE	loss+gain	FALSE	TRUE	FALSE	FALSE	NA
12	127068473	127068840	3	DEL	367	16	NA	NA	NA	NA	NA	34603	0	1	FALSE	0	921549	TMEM132B	929219	2950159	EIF2B1	TRUE	loss+gain	FALSE	FALSE	FALSE	TRUE	NA
2	242745966	242746194	3	DEL	228	12	NA	NA	NA	NA	NA	8023	0	2	FALSE	0	2263	GAL3ST2	2387	37734	D2HGDH	TRUE	loss+gain	FALSE	FALSE	FALSE	FALSE	NA
3	34746067	34746100	3	DEL	33	19	NA	NA	NA	NA	NA	8595	0	1	FALSE	0	834867	PDCD6IP	838052	1556801	CRTAP	TRUE	loss+gain	FALSE	FALSE	FALSE	TRUE	NA
14	97175777	97175877	3	INS	100	14	NA	NA	NA	NA	NA	37934	0	2	FALSE	0	87841	VRK1	123931	87841	VRK1	TRUE	loss+gain	FALSE	FALSE	FALSE	FALSE	NA
X	118995490	118995522	3	DEL	32	14	NA	NA	NA	NA	NA	50695	0	2	FALSE	0	8528	UPF3B	8598	10272	NDUFA1	TRUE	gain	FALSE	FALSE	FALSE	FALSE	NA
9	139526709	139526770	3	INS	55	15	NA	NA	NA	NA	NA	27531	0	1	FALSE	0	26537	EGFL7	35964	429734	LHX3	TRUE	loss+gain	FALSE	FALSE	TRUE	FALSE	NA
16	46405905	46406156	3	DEL	251	28	NA	NA	NA	NA	NA	40605	0	2	FALSE	0	206346	SHCBP1	209487	4763729	SALL1	TRUE	loss+gain	FALSE	FALSE	FALSE	TRUE	NA
4	190608865	190609299	3	INS	547	14	NA	NA	NA	NA	NA	14145	0	2	FALSE	0	252725	FRG1	252865	3398029	F11	TRUE	loss+gain	FALSE	FALSE	TRUE	FALSE	NA
20	62485158	62485275	3	INS	117	12	NA	NA	NA	NA	NA	47415	0	2	FALSE	0	7575	ABHD16B	7618	157551	RTEL1	TRUE	loss+gain	FALSE	FALSE	TRUE	TRUE	NA
19	300198	300528	3	DEL	330	18	NA	NA	NA	NA	NA	44642	0	2	FALSE	0	915	MIER2	6164	550485	ELANE	TRUE	loss+gain	FALSE	FALSE	FALSE	TRUE	NA
12	110072122	110072215	3	INS	73	18	NA	NA	NA	NA	NA	34239	0	1	FALSE	0	36191	MVK	37742	36191	MVK	TRUE	loss+gain	FALSE	FALSE	FALSE	FALSE	NA
5	3202659	3202720	3	DEL	61	16	NA	NA	NA	NA	NA	14452	0	1	FALSE	0	393225	IRX1	393499	1386496	NDUFS6	TRUE	loss+gain	FALSE	FALSE	TRUE	FALSE	NA
5	19221300	19221355	3	DEL	55	14	NA	NA	NA	NA	NA	14733	0	2	FALSE	0	250049	CDH18	251982	5276647	DNAH5	TRUE	loss+gain	FALSE	FALSE	FALSE	TRUE	NA
16	84084496	84084608	3	DEL	112	14	NA	NA	NA	NA	NA	41300	0	1	FALSE	0	2757	MBTPS1	3448	99445	MLYCD	TRUE	loss+gain	FALSE	FALSE	FALSE	TRUE	NA
14	90964783	90964945	3	INS	148	13	NA	NA	NA	NA	NA	37823	0	1	FALSE	0	25962	TTC7B	42683	90170	CALM1	TRUE	loss+gain	FALSE	FALSE	FALSE	FALSE	NA
15	32496520	32498161	3	INS	1647	12	NA	NA	NA	NA	NA	38495	0	2	FALSE	0	31300	CHRNA7	35863	2023823	SLC12A6	TRUE	loss+gain	FALSE	FALSE	FALSE	TRUE	NA
2	167681081	167681249	3	INS	166	11	NA	NA	NA	NA	NA	6784	0.00041	2	FALSE	0	63740	XIRP2	66450	448569	SCN9A	TRUE	loss+gain	FALSE	FALSE	FALSE	TRUE	NA
2	167682242	167682371	3	INS	97	10	NA	NA	NA	NA	NA	6786	0	2	FALSE	0	62618	XIRP2	65328	449730	SCN9A	TRUE	loss+gain	FALSE	FALSE	FALSE	TRUE	NA
6	170805498	170805574	3	DEL	76	15	NA	NA	NA	NA	NA	20031	0	2	FALSE	0	38633	PSMB1	38736	4008996	MPC1	TRUE	loss+gain	FALSE	FALSE	FALSE	TRUE	NA
X	1360112	1360146	3	DEL	34	32	NA	NA	NA	NA	NA	49624	0	2	FALSE	0	27546	CSF2RA	28584	5705131	STS	TRUE	loss+gain	FALSE	FALSE	FALSE	TRUE	NA
11	1842695	1842796	3	INS	99	15	NA	NA	NA	NA	NA	30365	0	2	FALSE	0	6740	SYT8	13005	56891	CTSD	TRUE	loss+gain	FALSE	FALSE	FALSE	FALSE	NA
2	91670615	91670742	3	DEL	127	18	NA	NA	NA	NA	NA	5727	0	2	FALSE	0	1132217	RP11-685N3.1	1132242	2743632	EIF2AK3	TRUE	loss+gain	FALSE	FALSE	TRUE	FALSE	NA
12	128526192	128526323	3	INS	108	16	NA	NA	NA	NA	NA	34646	0	2	FALSE	0	225624	TMEM132C	225624	3887421	PUS1	TRUE	loss+gain	FALSE	FALSE	FALSE	TRUE	NA
16	46422907	46422967	3	DEL	60	11	NA	NA	NA	NA	NA	40654	0	2	FALSE	0	189535	SHCBP1	192676	4746918	SALL1	TRUE	loss+gain	FALSE	FALSE	FALSE	TRUE	NA
14	86910239	86910278	3	DEL	39	18	NA	NA	NA	NA	NA	37757	0	2	FALSE	0	789466	FLRT2	820400	1393885	GALC	TRUE	loss+gain	FALSE	FALSE	FALSE	TRUE	NA
11	134910410	134910530	3	DEL	120	24	NA	NA	NA	NA	NA	32526	0	2	FALSE	0	628273	B3GAT1	652856	774660	ACAD8	TRUE	loss+gain	FALSE	FALSE	FALSE	TRUE	NA
8	144288044	144288197	3	INS	161	15	NA	NA	NA	NA	NA	25518	0	1	FALSE	0	6895	GPIHBP1	6945	288784	CYP11B2	TRUE	loss+gain	FALSE	FALSE	TRUE	TRUE	NA
9	127588228	127588270	3	INS	40	13	NA	NA	NA	NA	NA	27221	0	1	FALSE	0	11063	OLFML2A	15539	2753378	STXBP1	TRUE	gain	FALSE	FALSE	FALSE	TRUE	NA
20	48814599	48814720	3	INS	137	16	NA	NA	NA	NA	NA	47013	0	2	FALSE	0	5393	CEBPB	5993	713764	KCNB1	TRUE	loss	FALSE	FALSE	TRUE	TRUE	NA
22	49308320	49308377	3	INS	68	22	NA	NA	NA	NA	NA	49334	0	2	FALSE	0	61595	TAFA5	61595	985499	ALG12	TRUE	loss+gain	FALSE	FALSE	TRUE	FALSE	NA
3	33799609	33799717	3	DEL	108	33	NA	NA	NA	NA	NA	8587	0	1	FALSE	0	39760	CLASP2	40114	610343	CRTAP	TRUE	loss+gain	FALSE	FALSE	FALSE	TRUE	NA
2	927558	927638	3	INS	44	23	NA	NA	NA	NA	NA	4153	0	1	FALSE	0	18896	SNTG2	19044	450199	TPO	TRUE	loss+gain	FALSE	FALSE	FALSE	TRUE	NA
12	124807765	124808166	3	DEL	401	15	NA	NA	NA	NA	NA	34548	0	2	FALSE	0	794	NCOR2	1784	689451	EIF2B1	TRUE	loss+gain	FALSE	FALSE	TRUE	TRUE	NA
11	2099604	2099674	3	INS	52	17	NA	NA	NA	NA	NA	30373	0	2	FALSE	0	50667	IGF2	54545	81334	INS	TRUE	loss+gain	FALSE	FALSE	FALSE	TRUE	NA
20	59542483	59542523	3	DEL	40	17	NA	NA	NA	NA	NA	47207	0	1	FALSE	0	284793	CDH4	285046	1641435	EDN3	TRUE	loss+gain	FALSE	FALSE	FALSE	TRUE	NA
7	155666325	155666373	3	INS	48	11	NA	NA	NA	NA	NA	22833	0	1	FALSE	0	61167	SHH	61508	61167	SHH	TRUE	loss+gain	FALSE	FALSE	FALSE	FALSE	NA
12	110072434	110072581	3	DEL	147	19	NA	NA	NA	NA	NA	34240	0	2	FALSE	0	36503	MVK	38054	36503	MVK	TRUE	loss+gain	FALSE	FALSE	FALSE	FALSE	NA
20	24388883	24389107	3	DEL	224	14	NA	NA	NA	NA	NA	46611	9.6e-05	2	FALSE	0	61157	SYNDIG1	134626	8478966	AHCY	TRUE	loss+gain	FALSE	FALSE	FALSE	TRUE	NA
11	134805623	134805984	3	DEL	361	10	NA	NA	NA	NA	NA	32519	0	1	FALSE	0	523486	B3GAT1	548069	669873	ACAD8	TRUE	loss+gain	FALSE	FALSE	FALSE	TRUE	NA
19	21088439	21088569	3	INS	148	10	NA	NA	NA	NA	NA	45304	0	2	FALSE	0	17458	ZNF85	17637	2186324	COMP	TRUE	loss+gain	FALSE	FALSE	FALSE	TRUE	NA
21	46256276	46256350	3	INS	75	10	NA	NA	NA	NA	NA	48296	0	2	FALSE	0	13149	PTTG1IP	14934	537744	AIRE	TRUE	loss+gain	FALSE	FALSE	TRUE	TRUE	NA
4	190329476	190329705	3	DEL	229	20	NA	NA	NA	NA	NA	14109	0	1	FALSE	0	532319	FRG1	532459	3118640	F11	TRUE	loss+gain	FALSE	FALSE	FALSE	TRUE	NA
4	157680916	157681008	3	DEL	92	11	NA	NA	NA	NA	NA	13445	0	1	FALSE	0	597	PDGFC	3236	316268	GLRB	TRUE	loss+gain	FALSE	FALSE	FALSE	TRUE	NA
12	110072956	110073016	3	DEL	60	16	NA	NA	NA	NA	NA	34241	0	2	FALSE	0	37025	MVK	38576	37025	MVK	TRUE	loss+gain	FALSE	FALSE	FALSE	FALSE	NA
